beam_id,entity_id,stable_key,entity_type,recovery_potential,spatial_relationship,min_distance_to_production_envelope,recovery_eligible,recovery_exclusion_reason,recovery_candidate_generated,recovery_candidate_added_to_pool,recovery_outcome,existing_ownership_result,final_ownership_decision,recovery_changed_decision,neighbour_ambiguity,inside_other_beam_envelope,target_beam_context,already_in_production_candidate_pool,engine_path,qa42_assigned_ownership
B14,ARR::22DB9B6D,B14::ARR::22DB9B6D,LeaderArrow,HIGH,BOUNDARY,0.0,True,,True,False,already_in_production_pool,ACCEPTED,ACCEPTED,False,False,False,True,True,t18_satellite_via_evaluate_leader,False
B14,ARR::30F41150,B14::ARR::30F41150,LeaderArrow,HIGH,BOUNDARY,0.0,True,,True,False,already_in_production_pool,ACCEPTED,ACCEPTED,False,False,False,True,True,t18_satellite_via_evaluate_leader,False
B14,ARR::A8F7EF15,B14::ARR::A8F7EF15,LeaderArrow,HIGH,BOUNDARY,0.0,True,,True,False,already_in_production_pool,ACCEPTED,ACCEPTED,False,False,False,True,True,t18_satellite_via_evaluate_leader,False
B14,ARR::C998927C,B14::ARR::C998927C,LeaderArrow,HIGH,BOUNDARY,0.0,True,,True,False,already_in_production_pool,ACCEPTED,ACCEPTED,False,False,False,True,True,t18_satellite_via_evaluate_leader,False
B14,BEAM::B14,B14::BEAM::B14,Beam,HIGH,NEAR_OUTSIDE,273.517,True,,True,False,already_in_production_pool,ACCEPTED,ACCEPTED,False,False,False,True,True,t18_beam_node_always_accepted,False
B14,LTGT::LDR::1CF838FB,B14::LTGT::LDR::1CF838FB,LeaderTarget,HIGH,BOUNDARY,0.0,True,,True,False,already_in_production_pool,ACCEPTED,ACCEPTED,False,False,False,True,True,t18_satellite_via_evaluate_leader,False
B14,LTGT::LDR::498FFA19,B14::LTGT::LDR::498FFA19,LeaderTarget,HIGH,BOUNDARY,0.0,True,,True,False,already_in_production_pool,ACCEPTED,ACCEPTED,False,False,False,True,True,t18_satellite_via_evaluate_leader,False
B14,LTGT::LDR::A259ED67,B14::LTGT::LDR::A259ED67,LeaderTarget,HIGH,BOUNDARY,0.0,True,,True,False,already_in_production_pool,ACCEPTED,ACCEPTED,False,False,False,True,True,t18_satellite_via_evaluate_leader,False
B14,LTGT::LDR::CBE9B827,B14::LTGT::LDR::CBE9B827,LeaderTarget,HIGH,BOUNDARY,0.0,True,,True,False,already_in_production_pool,ACCEPTED,ACCEPTED,False,False,False,True,True,t18_satellite_via_evaluate_leader,False
B15,ARR::08E2BDE4,B15::ARR::08E2BDE4,LeaderArrow,HIGH,BOUNDARY,0.0,True,,True,False,already_in_production_pool,ACCEPTED,ACCEPTED,False,False,False,True,True,t18_satellite_via_evaluate_leader,False
B15,ARR::24616AD5,B15::ARR::24616AD5,LeaderArrow,HIGH,BOUNDARY,0.0,True,,True,False,already_in_production_pool,ACCEPTED,ACCEPTED,False,False,False,True,True,t18_satellite_via_evaluate_leader,False
B15,LTGT::LDR::4A5B63BC,B15::LTGT::LDR::4A5B63BC,LeaderTarget,HIGH,BOUNDARY,0.0,True,,True,False,already_in_production_pool,ACCEPTED,ACCEPTED,False,False,False,True,True,t18_satellite_via_evaluate_leader,False
B15,LTGT::LDR::90E69991,B15::LTGT::LDR::90E69991,LeaderTarget,HIGH,BOUNDARY,0.0,True,,True,False,already_in_production_pool,ACCEPTED,ACCEPTED,False,False,False,True,True,t18_satellite_via_evaluate_leader,False
B16,ARR::3233CA58,B16::ARR::3233CA58,LeaderArrow,HIGH,BOUNDARY,0.0,True,,True,False,already_in_production_pool,ACCEPTED,ACCEPTED,False,False,False,True,True,t18_satellite_via_evaluate_leader,False
B16,ARR::38A7AECD,B16::ARR::38A7AECD,LeaderArrow,HIGH,BOUNDARY,0.0,True,,True,False,already_in_production_pool,ACCEPTED,ACCEPTED,False,False,False,True,True,t18_satellite_via_evaluate_leader,False
B16,ARR::4D6A952B,B16::ARR::4D6A952B,LeaderArrow,HIGH,BOUNDARY,0.0,True,,True,False,already_in_production_pool,ACCEPTED,ACCEPTED,False,False,False,True,True,t18_satellite_via_evaluate_leader,False
B16,ARR::C0A8C940,B16::ARR::C0A8C940,LeaderArrow,HIGH,BOUNDARY,0.0,True,,True,False,already_in_production_pool,ACCEPTED,ACCEPTED,False,False,False,True,True,t18_satellite_via_evaluate_leader,False
B16,LTGT::LDR::29CF4AA9,B16::LTGT::LDR::29CF4AA9,LeaderTarget,HIGH,BOUNDARY,0.0,True,,True,False,already_in_production_pool,ACCEPTED,ACCEPTED,False,False,False,True,True,t18_satellite_via_evaluate_leader,False
B16,LTGT::LDR::4039A8C7,B16::LTGT::LDR::4039A8C7,LeaderTarget,HIGH,BOUNDARY,0.0,True,,True,False,already_in_production_pool,ACCEPTED,ACCEPTED,False,False,False,True,True,t18_satellite_via_evaluate_leader,False
B16,LTGT::LDR::50D0A609,B16::LTGT::LDR::50D0A609,LeaderTarget,HIGH,BOUNDARY,0.0,True,,True,False,already_in_production_pool,ACCEPTED,ACCEPTED,False,False,False,True,True,t18_satellite_via_evaluate_leader,False
B16,LTGT::LDR::B76F460B,B16::LTGT::LDR::B76F460B,LeaderTarget,HIGH,BOUNDARY,0.0,True,,True,False,already_in_production_pool,ACCEPTED,ACCEPTED,False,False,False,True,True,t18_satellite_via_evaluate_leader,False
B18,ARR::34C6F797,B18::ARR::34C6F797,LeaderArrow,HIGH,BOUNDARY,0.0,True,,True,False,already_in_production_pool,ACCEPTED,ACCEPTED,False,False,False,True,True,t18_satellite_via_evaluate_leader,False
B18,ARR::54DBE960,B18::ARR::54DBE960,LeaderArrow,HIGH,BOUNDARY,0.0,True,,True,False,already_in_production_pool,ACCEPTED,ACCEPTED,False,False,False,True,True,t18_satellite_via_evaluate_leader,False
B18,LTGT::LDR::D9243008,B18::LTGT::LDR::D9243008,LeaderTarget,HIGH,BOUNDARY,0.0,True,,True,False,already_in_production_pool,ACCEPTED,ACCEPTED,False,False,False,True,True,t18_satellite_via_evaluate_leader,False
B18,LTGT::LDR::E476EF66,B18::LTGT::LDR::E476EF66,LeaderTarget,HIGH,BOUNDARY,0.0,True,,True,False,already_in_production_pool,ACCEPTED,ACCEPTED,False,False,False,True,True,t18_satellite_via_evaluate_leader,False
B19,ARR::0BC00996,B19::ARR::0BC00996,LeaderArrow,HIGH,BOUNDARY,0.0,True,,True,False,already_in_production_pool,ACCEPTED,ACCEPTED,False,False,False,True,True,t18_satellite_via_evaluate_leader,False
B19,ARR::FC2B9DD6,B19::ARR::FC2B9DD6,LeaderArrow,HIGH,BOUNDARY,0.0,True,,True,False,already_in_production_pool,ACCEPTED,ACCEPTED,False,False,False,True,True,t18_satellite_via_evaluate_leader,False
B19,LTGT::LDR::3A598308,B19::LTGT::LDR::3A598308,LeaderTarget,HIGH,BOUNDARY,0.0,True,,True,False,already_in_production_pool,ACCEPTED,ACCEPTED,False,False,False,True,True,t18_satellite_via_evaluate_leader,False
B19,LTGT::LDR::83E16CC5,B19::LTGT::LDR::83E16CC5,LeaderTarget,HIGH,BOUNDARY,0.0,True,,True,False,already_in_production_pool,ACCEPTED,ACCEPTED,False,False,False,True,True,t18_satellite_via_evaluate_leader,False
B22,ARR::20E5D5D6,B22::ARR::20E5D5D6,LeaderArrow,HIGH,BOUNDARY,0.0,True,,True,False,already_in_production_pool,ACCEPTED,ACCEPTED,False,False,False,True,True,t18_satellite_via_evaluate_leader,False
B22,ARR::C2CB6285,B22::ARR::C2CB6285,LeaderArrow,HIGH,BOUNDARY,0.0,True,,True,False,already_in_production_pool,ACCEPTED,ACCEPTED,False,False,False,True,True,t18_satellite_via_evaluate_leader,False
B22,LTGT::LDR::23D45FBD,B22::LTGT::LDR::23D45FBD,LeaderTarget,HIGH,BOUNDARY,0.0,True,,True,False,already_in_production_pool,ACCEPTED,ACCEPTED,False,False,False,True,True,t18_satellite_via_evaluate_leader,False
B22,LTGT::LDR::D44C7EEE,B22::LTGT::LDR::D44C7EEE,LeaderTarget,HIGH,BOUNDARY,0.0,True,,True,False,already_in_production_pool,ACCEPTED,ACCEPTED,False,False,False,True,True,t18_satellite_via_evaluate_leader,False
B23,ARR::ACFBB773,B23::ARR::ACFBB773,LeaderArrow,HIGH,BOUNDARY,0.0,True,,True,False,already_in_production_pool,ACCEPTED,ACCEPTED,False,False,False,True,True,t18_satellite_via_evaluate_leader,False
B23,LTGT::LDR::FB2F6FF7,B23::LTGT::LDR::FB2F6FF7,LeaderTarget,HIGH,BOUNDARY,0.0,True,,True,False,already_in_production_pool,ACCEPTED,ACCEPTED,False,False,False,True,True,t18_satellite_via_evaluate_leader,False
B29,ARR::0CCC536D,B29::ARR::0CCC536D,LeaderArrow,HIGH,BOUNDARY,0.0,True,,True,False,already_in_production_pool,ACCEPTED,ACCEPTED,False,False,False,True,True,t18_satellite_via_evaluate_leader,False
B29,LTGT::LDR::AF84E8A0,B29::LTGT::LDR::AF84E8A0,LeaderTarget,HIGH,BOUNDARY,0.0,True,,True,False,already_in_production_pool,ACCEPTED,ACCEPTED,False,False,False,True,True,t18_satellite_via_evaluate_leader,False
B42A,ARR::7F81CB75,B42A::ARR::7F81CB75,LeaderArrow,HIGH,BOUNDARY,0.0,True,,True,False,already_in_production_pool,ACCEPTED,ACCEPTED,False,False,False,True,True,t18_satellite_via_evaluate_leader,False
B42A,ARR::9E6988C2,B42A::ARR::9E6988C2,LeaderArrow,HIGH,BOUNDARY,0.0,True,,True,False,already_in_production_pool,ACCEPTED,ACCEPTED,False,False,False,True,True,t18_satellite_via_evaluate_leader,False
B42A,BEAM::B42A,B42A::BEAM::B42A,Beam,HIGH,NEAR_OUTSIDE,143.137,True,,True,False,already_in_production_pool,ACCEPTED,ACCEPTED,False,False,False,True,True,t18_beam_node_always_accepted,False
B42A,LTGT::LDR::045424D9,B42A::LTGT::LDR::045424D9,LeaderTarget,HIGH,BOUNDARY,0.0,True,,True,False,already_in_production_pool,ACCEPTED,ACCEPTED,False,False,False,True,True,t18_satellite_via_evaluate_leader,False
B42A,LTGT::LDR::A3948F50,B42A::LTGT::LDR::A3948F50,LeaderTarget,HIGH,BOUNDARY,0.0,True,,True,False,already_in_production_pool,ACCEPTED,ACCEPTED,False,False,False,True,True,t18_satellite_via_evaluate_leader,False
B45,ARR::2C65A5EE,B45::ARR::2C65A5EE,LeaderArrow,HIGH,BOUNDARY,0.0,True,,True,False,already_in_production_pool,ACCEPTED,ACCEPTED,False,False,False,True,True,t18_satellite_via_evaluate_leader,False
B45,ARR::74F37D7A,B45::ARR::74F37D7A,LeaderArrow,HIGH,BOUNDARY,0.0,True,,True,False,already_in_production_pool,ACCEPTED,ACCEPTED,False,False,False,True,True,t18_satellite_via_evaluate_leader,False
B45,BEAM::B45,B45::BEAM::B45,Beam,HIGH,NEAR_OUTSIDE,214.254,True,,True,False,already_in_production_pool,ACCEPTED,ACCEPTED,False,False,False,True,True,t18_beam_node_always_accepted,False
B45,LTGT::LDR::198A93DC,B45::LTGT::LDR::198A93DC,LeaderTarget,HIGH,BOUNDARY,0.0,True,,True,False,already_in_production_pool,ACCEPTED,ACCEPTED,False,False,False,True,True,t18_satellite_via_evaluate_leader,False
B45,LTGT::LDR::AC6F7486,B45::LTGT::LDR::AC6F7486,LeaderTarget,HIGH,BOUNDARY,0.0,True,,True,False,already_in_production_pool,ACCEPTED,ACCEPTED,False,False,False,True,True,t18_satellite_via_evaluate_leader,False
B46,ARR::51CF50CB,B46::ARR::51CF50CB,LeaderArrow,HIGH,BOUNDARY,0.0,True,,True,False,already_in_production_pool,ACCEPTED,ACCEPTED,False,False,False,True,True,t18_satellite_via_evaluate_leader,False
B46,ARR::85E2AD01,B46::ARR::85E2AD01,LeaderArrow,HIGH,BOUNDARY,0.0,True,,True,False,already_in_production_pool,ACCEPTED,ACCEPTED,False,False,False,True,True,t18_satellite_via_evaluate_leader,False
B46,LTGT::LDR::E549EBD6,B46::LTGT::LDR::E549EBD6,LeaderTarget,HIGH,BOUNDARY,0.0,True,,True,False,already_in_production_pool,ACCEPTED,ACCEPTED,False,False,False,True,True,t18_satellite_via_evaluate_leader,False
B46,LTGT::LDR::F685FB80,B46::LTGT::LDR::F685FB80,LeaderTarget,HIGH,BOUNDARY,0.0,True,,True,False,already_in_production_pool,ACCEPTED,ACCEPTED,False,False,False,True,True,t18_satellite_via_evaluate_leader,False
