beam_id,cohort,crop_height_mm,crop_width_mm,beam_height_mm,beam_width_mm,crop_height_to_beam_height_ratio,crop_width_to_beam_width_ratio,crop_area_to_beam_area_ratio,max_y_gap_mm,max_spatial_distance_mm,dominant_expander_id,dominant_expander_kind,dominant_y_gap_mm
B100,OTHER,3513.091,27623.972,2970.58,3900.0,1.1826,7.0831,8.3766,0.0,0.0,ANN-29f62939,annotation,0.0
B100A,OTHER,71876.66,5470.46,2978.98,3585.39,24.1279,1.5258,36.8136,68617.68,68617.68,BAR::2EDE9A87,reinforcement,68617.68
B101,OTHER,3510.481,27623.972,2967.97,3900.0,1.1828,7.0831,8.3778,0.0,0.0,ANN-d8c2de5e,annotation,0.0
B101A,OTHER,6433.46,7092.84,2978.98,3900.0,2.1596,1.8187,3.9276,1912.193,1967.845,LDR::14E9EF3F,leader,1912.193
B102,OTHER,5334.188,27673.972,4940.53,3900.0,1.0797,7.0959,7.6613,0.0,0.0,ANN-030581f0,annotation,0.0
B103,OTHER,15272.619,4379.082,4342.02,3900.0,3.5174,1.1228,3.9495,10488.01,10488.01,BAR::434B5DE2,reinforcement,10488.01
B119,OTHER,3642.2,27673.972,3402.2,3900.0,1.0705,7.0959,7.5965,0.0,0.0,ANN-b9d9e30b,annotation,0.0
B120,OTHER,39128.11,4415.543,4556.54,3900.0,8.5872,1.1322,9.7224,34291.57,34291.57,BAR::5A4CD996,reinforcement,34291.57
B121,OTHER,4378.856,19200.593,4072.27,3900.0,1.0753,4.9232,5.2939,0.0,0.0,ANN-3eb6504d,annotation,0.0
B122,OTHER,4194.017,19100.593,3524.02,3900.0,1.1901,4.8976,5.8287,69.997,69.997,LDR::6EFC52FE,leader,69.997
B123,OTHER,3772.407,19100.593,3152.41,3900.0,1.1967,4.8976,5.8608,19.997,967.998,LDR::AD5EDEFE,leader,19.997
B126,OTHER,4130.51,8014.899,3890.51,3900.0,1.0617,2.0551,2.1819,0.0,0.0,ANN-9f081a15,annotation,0.0
B128,OTHER,64810.69,4140.0,5070.81,3900.0,12.7811,1.0615,13.5677,46103.57,46103.57,BAR::D00A8F77,reinforcement,46103.57
B129,OTHER,4886.41,3900.0,4886.41,3900.0,1.0,1.0,1.0,0.0,0.0,ANN-7aec78cb,annotation,0.0
B130,OTHER,74866.08,4376.97,4790.84,3900.0,15.6269,1.1223,17.5381,36980.15,36980.15,BAR::681BD4B8,reinforcement,36980.15
B133,OTHER,3904.5,26412.043,3284.5,3900.0,1.1888,6.7723,8.0507,20.0,20.0,LDR::DF812AEF,leader,20.0
B133A,OTHER,5669.76,12582.0,5429.76,3900.0,1.0442,3.2262,3.3688,0.0,0.0,ANN-4f8e4022,annotation,0.0
B134,OTHER,4538.439,26462.043,4231.85,3900.0,1.0724,6.7851,7.2767,0.0,235.566,LDR::AD504166,leader,0.0
B134A,OTHER,5193.84,15590.793,4953.84,3900.0,1.0484,3.9976,4.1913,0.0,165.624,ANN-84f13ade,annotation,0.0
B135,OTHER,3794.843,11877.0,2691.44,3900.0,1.41,3.0454,4.2939,43.075,87.11,LDR::094A6793,leader,43.075
B135A,OTHER,3341.611,7204.823,2651.9,3900.0,1.2601,1.8474,2.3279,89.711,93.683,LDR::5EA435A9,leader,89.711
B136,OTHER,3992.899,26462.043,3485.76,3900.0,1.1455,6.7851,7.7723,0.0,0.0,ANN-499059d4,annotation,0.0
B139,OTHER,4090.786,4140.0,3784.2,3900.0,1.081,1.0615,1.1475,0.0,0.0,ANN-211806ab,annotation,0.0
B14,KNOWN_GOOD,4711.411,19246.429,4365.34,3900.0,1.0793,4.935,5.3262,0.0,0.0,ANN-81e0d3bd,annotation,0.0
B140,OTHER,3712.53,4090.116,3472.53,3596.73,1.0691,1.1372,1.2158,0.0,0.0,ANN-a14bf585,annotation,0.0
B141,OTHER,82348.14,6679.21,4634.47,2984.32,17.7686,2.2381,39.768,49471.42,49471.42,BAR::A0860018,reinforcement,49471.42
B142,OTHER,3581.354,4644.285,1878.16,3104.27,1.9068,1.4961,2.8528,1036.609,1036.609,LDR::57B2C20D,leader,1036.609
B143,OTHER,3423.474,7923.547,2790.7,3900.0,1.2267,2.0317,2.4923,32.774,2558.961,LDR::73287740,leader,32.774
B144,OTHER,6793.26,5597.939,6553.26,3900.0,1.0366,1.4354,1.4879,0.0,1315.558,LDR::F740B53B,leader,0.0
B145,OTHER,12227.323,3956.69,1422.71,3716.69,8.5944,1.0646,9.1494,9322.43,9322.43,BAR::7F395180,reinforcement,9322.43
B147,OTHER,3967.025,7126.697,3607.31,3900.0,1.0997,1.8274,2.0096,0.0,0.0,ANN-b03c8351,annotation,0.0
B148,OTHER,4700.776,7112.226,4201.36,3900.0,1.1189,1.8236,2.0404,0.0,725.949,LDR::6BC17CC9,leader,0.0
B149,OTHER,44517.29,4140.0,4236.97,3900.0,10.5069,1.0615,11.1534,37913.94,37913.94,BAR::90F8FE84,reinforcement,37913.94
B15,OTHER,5057.229,19007.049,3039.83,3900.0,1.6637,4.8736,8.108,674.875,709.514,LDR::167CC70D,leader,674.875
B150,OTHER,3987.4,4220.516,3747.4,3900.0,1.064,1.0822,1.1515,0.0,0.0,ANN-1357090a,annotation,0.0
B152,OTHER,4641.488,9465.366,3804.12,3900.0,1.2201,2.427,2.9613,237.368,237.368,LDR::CD377027,leader,237.368
B153,OTHER,3870.58,4329.771,3630.58,3900.0,1.0661,1.1102,1.1836,0.0,0.0,ANN-45bd742e,annotation,0.0
B154,OTHER,4545.069,4722.14,4278.19,3900.0,1.0624,1.2108,1.2863,0.0,0.0,ANN-01ac3fb3,annotation,0.0
B156,OTHER,4463.096,5997.665,4136.85,3900.0,1.0789,1.5379,1.6591,0.0,675.137,LDR::D9024025,leader,0.0
B159,OTHER,3757.991,8242.33,3087.99,3900.0,1.217,2.1134,2.572,80.0,690.028,BAR::CD4248B1,reinforcement,80.0
B16,OTHER,4654.901,19183.857,4308.83,3900.0,1.0803,4.9189,5.314,0.0,0.0,ANN-dae3dcf8,annotation,0.0
B161,OTHER,3117.35,5740.318,2877.35,3900.0,1.0834,1.4719,1.5946,0.0,12.311,LDR::C7959940,leader,0.0
B164,OTHER,4126.66,7212.05,3886.66,3900.0,1.0617,1.8492,1.9634,0.0,0.0,ANN-c013a79b,annotation,0.0
B165,OTHER,5280.79,4365.56,3188.39,3900.0,1.6563,1.1194,1.854,1812.4,1812.4,BAR::8427CCC1,reinforcement,1812.4
B166,OTHER,4160.23,7974.326,3855.39,3900.0,1.0791,2.0447,2.2064,0.0,154.917,LDR::6CF5BD6A,leader,0.0
B168,OTHER,63557.92,4140.0,3297.26,3900.0,19.276,1.0615,20.4622,59980.66,59980.66,BAR::FB780721,reinforcement,59980.66
B169,OTHER,3957.62,5740.318,3717.62,3900.0,1.0646,1.4719,1.5669,0.0,0.0,ANN-e20fb9e9,annotation,0.0
B17,OTHER,82932.461,6914.83,4215.34,3787.25,19.674,1.8258,35.9211,78331.05,78331.05,BAR::8AD900D0,reinforcement,78331.05
B170,OTHER,3429.777,4722.137,3123.19,3900.0,1.0982,1.2108,1.3297,0.0,0.0,ANN-895b6107,annotation,0.0
B173,OTHER,16223.07,4497.88,3555.88,3900.0,4.5623,1.1533,5.2617,10295.58,10295.58,BAR::F1794151,reinforcement,10295.58
B174,OTHER,26391.9,3998.43,1678.77,3758.43,15.721,1.0639,16.7249,24433.13,24433.13,BAR::8C00E127,reinforcement,24433.13
B175,OTHER,3906.729,3998.43,1044.99,3758.43,3.7385,1.0639,3.9773,2261.739,2261.739,LDR::22674C97,leader,2261.739
B176,OTHER,63596.03,15960.91,2651.9,3900.0,23.9813,4.0925,98.1445,47337.95,47337.95,BAR::6A0396BB,reinforcement,47337.95
B177,OTHER,4564.532,9273.645,1865.81,3454.99,2.4464,2.6841,6.5665,2098.722,2098.722,LDR::EB13EFED,leader,2098.722
B178,OTHER,3852.91,5045.06,1563.18,3455.0,2.4648,1.4602,3.5991,1623.14,1623.14,LDR::93E1E355,leader,1623.14
B18,OTHER,23545.69,9780.65,3740.54,3787.25,6.2947,2.5825,16.2563,19084.37,19084.37,BAR::1D706A9A,reinforcement,19084.37
B180,OTHER,7041.211,4291.705,6734.62,3900.0,1.0455,1.1004,1.1505,0.0,0.0,ANN-67c78cc2,annotation,0.0
B182,OTHER,4189.581,4190.861,3882.99,3900.0,1.079,1.0746,1.1594,0.0,0.0,ANN-57bf8414,annotation,0.0
B185,OTHER,4884.291,5714.83,4577.7,3900.0,1.067,1.4653,1.5635,0.0,0.0,ANN-e9fda83f,annotation,0.0
B186,OTHER,36490.15,4457.67,4450.74,3900.0,8.1987,1.143,9.371,31759.41,31759.41,BAR::ADC38B58,reinforcement,31759.41
B19,OTHER,7334.218,11300.885,5891.36,3900.0,1.2449,2.8977,3.6073,519.448,1582.863,LDR::1EE8C99E,leader,519.448
B191,OTHER,3601.62,6958.05,3361.62,3900.0,1.0714,1.7841,1.9115,0.0,0.0,ANN-5300cb06,annotation,0.0
B22,OTHER,6131.36,12706.974,5891.36,3900.0,1.0407,3.2582,3.3909,0.0,0.0,ANN-97a27470,annotation,0.0
B23,OTHER,6398.16,12881.974,6158.16,3900.0,1.039,3.3031,3.4318,0.0,0.0,ANN-9b61b0cf,annotation,0.0
B29,OTHER,7220.427,22128.413,6824.52,3900.0,1.058,5.674,6.0031,0.0,2093.869,LDR::58F9C249,leader,0.0
B42,OTHER,4303.27,7065.0,3770.5,3900.0,1.1413,1.8115,2.0675,0.0,788.315,LDR::1478A593,leader,0.0
B42A,OTHER,3438.77,5645.74,3132.18,3900.0,1.0979,1.4476,1.5893,0.0,0.0,ANN-7e4138a4,annotation,0.0
B45,OTHER,4780.765,4367.683,4474.18,3856.1,1.0685,1.1327,1.2103,0.0,0.0,ANN-e179cf90,annotation,0.0
B46,OTHER,4741.58,7522.188,4501.58,3856.11,1.0533,1.9507,2.0547,0.0,0.0,ANN-a09ab748,annotation,0.0
B47,OTHER,4638.98,3900.0,4638.98,3900.0,1.0,1.0,1.0,0.0,0.0,ANN-f268d884,annotation,0.0
B48,OTHER,4767.354,4531.114,4460.76,3900.0,1.0687,1.1618,1.2417,0.0,0.0,ANN-1baa1882,annotation,0.0
B51,OTHER,84877.71,27673.98,4460.76,3636.08,19.0276,7.6109,144.8181,64128.15,64128.15,BAR::614DCC34,reinforcement,64128.15
B52,OTHER,76690.11,14325.12,3959.8,3636.07,19.3672,3.9397,76.3013,57191.51,57191.51,BAR::574E57B2,reinforcement,57191.51
B55,OTHER,4277.36,18020.046,4037.36,3900.0,1.0594,4.6205,4.8952,0.0,0.0,ANN-ca36a400,annotation,0.0
B56,OTHER,3556.02,16624.689,3316.02,3900.0,1.0724,4.2627,4.5713,0.0,307.133,LDR::62F43C2A,leader,0.0
B57,OTHER,4412.99,18070.047,4172.99,3441.11,1.0575,5.2512,5.5532,0.0,0.0,ANN-1805932d,annotation,0.0
B58,OTHER,4412.99,18472.569,4172.99,3441.11,1.0575,5.3682,5.6769,0.0,0.0,ANN-a0c82bbe,annotation,0.0
B59,OTHER,80147.95,9140.33,4376.06,3501.45,18.3151,2.6104,47.8105,59448.39,59448.39,BAR::72447C5B,reinforcement,59448.39
B60,KNOWN_GOOD,4674.645,6244.193,4376.06,3501.45,1.0682,1.7833,1.905,0.0,0.0,ANN-e26a27bf,annotation,0.0
B61,OTHER,48266.48,5157.735,4522.04,3900.0,10.6736,1.3225,14.1158,43464.44,43464.44,BAR::0B2CB79F,reinforcement,43464.44
B63,OTHER,4910.1,4063.787,2281.38,3443.36,2.1522,1.1802,2.54,2028.72,2028.72,LDR::6DD13D19,leader,2028.72
B64,OTHER,3876.217,18020.046,1965.8,3443.36,1.9718,5.2333,10.3191,1310.417,1310.417,LDR::B8659187,leader,1310.417
B65,OTHER,4480.1,16521.145,4240.1,3900.0,1.0566,4.2362,4.476,0.0,0.0,ANN-026fe9de,annotation,0.0
B66,OTHER,4928.35,18020.046,4688.35,3900.0,1.0512,4.6205,4.8571,0.0,0.0,ANN-830f2ae1,annotation,0.0
B68,OTHER,89149.73,8451.3,3496.16,3900.0,25.4993,2.167,55.257,78595.26,78595.26,BAR::05250063,reinforcement,78595.26
B68A,OTHER,4077.161,11741.067,3289.61,3900.0,1.2394,3.0105,3.7313,122.71,176.145,LDR::4C5A0243,leader,122.71
B69,OTHER,3880.985,7425.33,3310.99,3900.0,1.1722,1.9039,2.2317,0.0,700.524,LDR::980464C3,leader,0.0
B70,OTHER,83442.55,4140.0,4635.39,3900.0,18.0012,1.0615,19.109,78527.16,78527.16,BAR::037954ED,reinforcement,78527.16
B70A,OTHER,3471.232,10606.388,2968.12,3900.0,1.1695,2.7196,3.1806,0.0,0.0,ANN-4dca497a,annotation,0.0
B71,OTHER,6512.605,13141.056,4573.46,3900.0,1.424,3.3695,4.7982,1390.645,1390.645,ANN-e8fa1fe7,annotation,1390.645
B72,OTHER,4613.46,13080.114,4373.46,3900.0,1.0549,3.3539,3.5379,0.0,0.0,ANN-91617cb9,annotation,0.0
B73,OTHER,37320.17,4168.264,4833.96,3900.0,7.7204,1.0688,8.2515,32206.21,32206.21,BAR::C84E3402,reinforcement,32206.21
B74,OTHER,5091.656,13182.354,4440.66,3900.0,1.1466,3.3801,3.8756,102.496,102.496,ANN-0b0dd105,annotation,102.496
B75,OTHER,4680.66,11880.114,4440.66,3900.0,1.054,3.0462,3.2108,0.0,0.0,ANN-c5e29764,annotation,0.0
B76,OTHER,13677.18,5279.98,4457.4,3900.0,3.0684,1.3538,4.1542,8939.78,8939.78,BAR::CE051B80,reinforcement,8939.78
B77,OTHER,3219.23,11371.976,2979.23,3900.0,1.0806,2.9159,3.1508,0.0,0.0,ANN-15f8f3b0,annotation,0.0
B78,OTHER,19067.513,4329.74,2979.23,3900.0,6.4001,1.1102,7.1054,14958.57,14958.57,BAR::057B8767,reinforcement,14958.57
B79,OTHER,84827.71,20595.77,3882.7,3742.12,21.8476,5.5038,120.2442,55689.5,55689.5,BAR::E0FC88F3,reinforcement,55689.5
B80,OTHER,51771.04,3802.29,3746.78,3562.29,13.8175,1.0674,14.7484,47744.26,47744.26,BAR::14F9DBF6,reinforcement,47744.26
B81,OTHER,90369.59,5491.05,3854.61,3562.3,23.4445,1.5414,36.1382,61959.47,61959.47,BAR::CB6A1CB2,reinforcement,61959.47
B82,OTHER,3108.18,4463.8,2868.18,3742.11,1.0837,1.1929,1.2927,0.0,0.0,ANN-4679b76c,annotation,0.0
B83,OTHER,33073.9,7126.7,3838.06,3900.0,8.6173,1.8274,15.747,26828.4,26828.4,BAR::0261A480,reinforcement,26828.4
B85,OTHER,3817.78,5660.286,3577.78,3900.0,1.0671,1.4514,1.5487,0.0,0.0,ANN-324ae3bb,annotation,0.0
B86,OTHER,60956.81,4140.0,4911.42,3900.0,12.4112,1.0615,13.175,37617.27,37617.27,BAR::F778BF1F,reinforcement,37617.27
B88,OTHER,4169.44,4270.751,3862.85,3814.27,1.0794,1.1197,1.2085,0.0,0.0,ANN-d0e07ba8,annotation,0.0
B89,OTHER,5370.4,4151.628,5063.81,3718.11,1.0605,1.1166,1.1842,0.0,0.0,ANN-ac26322b,annotation,0.0
B91,OTHER,79510.35,4089.13,3970.83,3642.45,20.0236,1.1226,22.4791,40418.38,40418.38,BAR::7E175725,reinforcement,40418.38
B92,OTHER,79532.01,3993.9,3970.83,3518.24,20.0291,1.1352,22.737,40440.04,40440.04,BAR::49096AE5,reinforcement,40440.04
B93,OTHER,28011.52,3772.5,6644.0,3532.5,4.2161,1.0679,4.5025,21087.52,21087.52,BAR::CE68D305,reinforcement,21087.52
B94,OTHER,90613.45,3992.89,4474.01,3752.89,20.2533,1.064,21.5485,48602.17,48602.17,BAR::38F22198,reinforcement,48602.17
B96,OTHER,4595.979,9140.33,3450.98,3900.0,1.3318,2.3437,3.1213,544.999,945.065,LDR::C2B73DD0,leader,544.999
B96A,OTHER,76745.567,4831.143,7148.88,3900.0,10.7353,1.2388,13.2984,67690.67,67690.67,BAR::61079B00,reinforcement,67690.67
B97,OTHER,4130.27,27623.972,3890.27,3900.0,1.0617,7.0831,7.52,0.0,0.0,ANN-e814c185,annotation,0.0
B97A,FOCUS,3219.22,4999.893,2979.22,3585.39,1.0806,1.3945,1.5069,0.0,598.503,ANN-6f8c4df1,annotation,0.0
B98,OTHER,3089.13,9140.331,2849.13,3900.0,1.0842,2.3437,2.5411,0.0,0.0,ANN-4ae84222,annotation,0.0
B98A,FOCUS,3048.94,3585.4,3048.94,3585.4,1.0,1.0,1.0,0.0,0.0,ANN-2a9913fa,annotation,0.0
B99,OTHER,3154.99,27623.972,2914.99,3900.0,1.0823,7.0831,7.6662,0.0,0.0,ANN-03ccfc60,annotation,0.0
B99A,OTHER,74609.03,3825.4,7081.07,3585.4,10.5364,1.0669,11.2417,67247.96,67247.96,BAR::AA5F237F,reinforcement,67247.96
