beam_id,beam_present,reinforcement_present,annotation_present,leader_present,leader_chain_complete,evidence_clipped,neighbour_ambiguity,crop_qa_overall,expanded,pipeline_annotation_coverage_pct,pipeline_leader_coverage_pct,pipeline_reinforcement_coverage_pct,gt_bar_count,gt_reinforcement_evidence_present,engineering_crop,evidence_overlay
B100,True,True,True,True,True,False,False,PASS,True,100.0,100.0,100.0,7,True,C:\Users\nishanth.h\SteelBeamEstimator\Version10\data\output\PhaseP250_beam_evidence_crop_qa\beams\B100\engineering_crop.png,C:\Users\nishanth.h\SteelBeamEstimator\Version10\data\output\PhaseP250_beam_evidence_crop_qa\beams\B100\evidence_overlay.png
B100A,True,True,True,True,False,False,False,PARTIAL,True,100.0,100.0,100.0,6,True,C:\Users\nishanth.h\SteelBeamEstimator\Version10\data\output\PhaseP250_beam_evidence_crop_qa\beams\B100A\engineering_crop.png,C:\Users\nishanth.h\SteelBeamEstimator\Version10\data\output\PhaseP250_beam_evidence_crop_qa\beams\B100A\evidence_overlay.png
B101,True,True,True,True,True,False,False,PASS,True,100.0,100.0,100.0,7,True,C:\Users\nishanth.h\SteelBeamEstimator\Version10\data\output\PhaseP250_beam_evidence_crop_qa\beams\B101\engineering_crop.png,C:\Users\nishanth.h\SteelBeamEstimator\Version10\data\output\PhaseP250_beam_evidence_crop_qa\beams\B101\evidence_overlay.png
B101A,True,True,True,True,False,False,False,PARTIAL,True,100.0,100.0,100.0,14,True,C:\Users\nishanth.h\SteelBeamEstimator\Version10\data\output\PhaseP250_beam_evidence_crop_qa\beams\B101A\engineering_crop.png,C:\Users\nishanth.h\SteelBeamEstimator\Version10\data\output\PhaseP250_beam_evidence_crop_qa\beams\B101A\evidence_overlay.png
B102,True,True,True,True,True,False,False,PASS,True,100.0,100.0,100.0,7,True,C:\Users\nishanth.h\SteelBeamEstimator\Version10\data\output\PhaseP250_beam_evidence_crop_qa\beams\B102\engineering_crop.png,C:\Users\nishanth.h\SteelBeamEstimator\Version10\data\output\PhaseP250_beam_evidence_crop_qa\beams\B102\evidence_overlay.png
B103,True,True,True,True,False,False,False,PARTIAL,True,100.0,100.0,100.0,6,True,C:\Users\nishanth.h\SteelBeamEstimator\Version10\data\output\PhaseP250_beam_evidence_crop_qa\beams\B103\engineering_crop.png,C:\Users\nishanth.h\SteelBeamEstimator\Version10\data\output\PhaseP250_beam_evidence_crop_qa\beams\B103\evidence_overlay.png
B119,True,True,True,True,True,False,False,PASS,True,100.0,100.0,100.0,6,True,C:\Users\nishanth.h\SteelBeamEstimator\Version10\data\output\PhaseP250_beam_evidence_crop_qa\beams\B119\engineering_crop.png,C:\Users\nishanth.h\SteelBeamEstimator\Version10\data\output\PhaseP250_beam_evidence_crop_qa\beams\B119\evidence_overlay.png
B120,True,True,True,True,False,False,False,PARTIAL,True,100.0,100.0,100.0,6,True,C:\Users\nishanth.h\SteelBeamEstimator\Version10\data\output\PhaseP250_beam_evidence_crop_qa\beams\B120\engineering_crop.png,C:\Users\nishanth.h\SteelBeamEstimator\Version10\data\output\PhaseP250_beam_evidence_crop_qa\beams\B120\evidence_overlay.png
B121,True,True,True,True,True,False,False,PASS,True,100.0,100.0,100.0,4,True,C:\Users\nishanth.h\SteelBeamEstimator\Version10\data\output\PhaseP250_beam_evidence_crop_qa\beams\B121\engineering_crop.png,C:\Users\nishanth.h\SteelBeamEstimator\Version10\data\output\PhaseP250_beam_evidence_crop_qa\beams\B121\evidence_overlay.png
B122,True,True,True,True,True,False,False,PASS,True,100.0,100.0,100.0,7,True,C:\Users\nishanth.h\SteelBeamEstimator\Version10\data\output\PhaseP250_beam_evidence_crop_qa\beams\B122\engineering_crop.png,C:\Users\nishanth.h\SteelBeamEstimator\Version10\data\output\PhaseP250_beam_evidence_crop_qa\beams\B122\evidence_overlay.png
B123,True,True,True,True,True,False,False,PASS,True,100.0,100.0,100.0,10,True,C:\Users\nishanth.h\SteelBeamEstimator\Version10\data\output\PhaseP250_beam_evidence_crop_qa\beams\B123\engineering_crop.png,C:\Users\nishanth.h\SteelBeamEstimator\Version10\data\output\PhaseP250_beam_evidence_crop_qa\beams\B123\evidence_overlay.png
B126,True,True,True,True,True,False,False,PASS,True,100.0,100.0,100.0,0,False,C:\Users\nishanth.h\SteelBeamEstimator\Version10\data\output\PhaseP250_beam_evidence_crop_qa\beams\B126\engineering_crop.png,C:\Users\nishanth.h\SteelBeamEstimator\Version10\data\output\PhaseP250_beam_evidence_crop_qa\beams\B126\evidence_overlay.png
B128,True,True,True,True,True,False,False,PASS,True,100.0,100.0,100.0,8,True,C:\Users\nishanth.h\SteelBeamEstimator\Version10\data\output\PhaseP250_beam_evidence_crop_qa\beams\B128\engineering_crop.png,C:\Users\nishanth.h\SteelBeamEstimator\Version10\data\output\PhaseP250_beam_evidence_crop_qa\beams\B128\evidence_overlay.png
B129,True,True,True,True,True,False,False,PASS,False,100.0,100.0,100.0,7,True,C:\Users\nishanth.h\SteelBeamEstimator\Version10\data\output\PhaseP250_beam_evidence_crop_qa\beams\B129\engineering_crop.png,C:\Users\nishanth.h\SteelBeamEstimator\Version10\data\output\PhaseP250_beam_evidence_crop_qa\beams\B129\evidence_overlay.png
B130,True,True,True,True,True,False,False,PASS,True,100.0,100.0,100.0,4,True,C:\Users\nishanth.h\SteelBeamEstimator\Version10\data\output\PhaseP250_beam_evidence_crop_qa\beams\B130\engineering_crop.png,C:\Users\nishanth.h\SteelBeamEstimator\Version10\data\output\PhaseP250_beam_evidence_crop_qa\beams\B130\evidence_overlay.png
B133,True,True,True,True,True,False,False,PASS,True,100.0,100.0,100.0,8,True,C:\Users\nishanth.h\SteelBeamEstimator\Version10\data\output\PhaseP250_beam_evidence_crop_qa\beams\B133\engineering_crop.png,C:\Users\nishanth.h\SteelBeamEstimator\Version10\data\output\PhaseP250_beam_evidence_crop_qa\beams\B133\evidence_overlay.png
B133A,True,True,True,True,True,False,False,PASS,True,100.0,100.0,100.0,7,True,C:\Users\nishanth.h\SteelBeamEstimator\Version10\data\output\PhaseP250_beam_evidence_crop_qa\beams\B133A\engineering_crop.png,C:\Users\nishanth.h\SteelBeamEstimator\Version10\data\output\PhaseP250_beam_evidence_crop_qa\beams\B133A\evidence_overlay.png
B134,True,True,True,True,True,False,False,PASS,True,100.0,100.0,100.0,6,True,C:\Users\nishanth.h\SteelBeamEstimator\Version10\data\output\PhaseP250_beam_evidence_crop_qa\beams\B134\engineering_crop.png,C:\Users\nishanth.h\SteelBeamEstimator\Version10\data\output\PhaseP250_beam_evidence_crop_qa\beams\B134\evidence_overlay.png
B134A,True,True,True,True,True,False,False,PASS,True,100.0,100.0,100.0,3,True,C:\Users\nishanth.h\SteelBeamEstimator\Version10\data\output\PhaseP250_beam_evidence_crop_qa\beams\B134A\engineering_crop.png,C:\Users\nishanth.h\SteelBeamEstimator\Version10\data\output\PhaseP250_beam_evidence_crop_qa\beams\B134A\evidence_overlay.png
B135,True,True,True,True,True,False,False,PASS,True,100.0,100.0,100.0,22,True,C:\Users\nishanth.h\SteelBeamEstimator\Version10\data\output\PhaseP250_beam_evidence_crop_qa\beams\B135\engineering_crop.png,C:\Users\nishanth.h\SteelBeamEstimator\Version10\data\output\PhaseP250_beam_evidence_crop_qa\beams\B135\evidence_overlay.png
B135A,True,True,True,True,True,False,False,PASS,True,100.0,100.0,100.0,0,False,C:\Users\nishanth.h\SteelBeamEstimator\Version10\data\output\PhaseP250_beam_evidence_crop_qa\beams\B135A\engineering_crop.png,C:\Users\nishanth.h\SteelBeamEstimator\Version10\data\output\PhaseP250_beam_evidence_crop_qa\beams\B135A\evidence_overlay.png
B136,True,True,True,True,True,False,False,PASS,True,100.0,100.0,100.0,9,True,C:\Users\nishanth.h\SteelBeamEstimator\Version10\data\output\PhaseP250_beam_evidence_crop_qa\beams\B136\engineering_crop.png,C:\Users\nishanth.h\SteelBeamEstimator\Version10\data\output\PhaseP250_beam_evidence_crop_qa\beams\B136\evidence_overlay.png
B139,True,True,True,True,True,False,False,PASS,True,100.0,100.0,100.0,0,False,C:\Users\nishanth.h\SteelBeamEstimator\Version10\data\output\PhaseP250_beam_evidence_crop_qa\beams\B139\engineering_crop.png,C:\Users\nishanth.h\SteelBeamEstimator\Version10\data\output\PhaseP250_beam_evidence_crop_qa\beams\B139\evidence_overlay.png
B14,True,True,True,True,True,False,False,PASS,True,100.0,100.0,100.0,10,True,C:\Users\nishanth.h\SteelBeamEstimator\Version10\data\output\PhaseP250_beam_evidence_crop_qa\beams\B14\engineering_crop.png,C:\Users\nishanth.h\SteelBeamEstimator\Version10\data\output\PhaseP250_beam_evidence_crop_qa\beams\B14\evidence_overlay.png
B140,True,True,True,True,True,False,False,PASS,True,100.0,100.0,100.0,4,True,C:\Users\nishanth.h\SteelBeamEstimator\Version10\data\output\PhaseP250_beam_evidence_crop_qa\beams\B140\engineering_crop.png,C:\Users\nishanth.h\SteelBeamEstimator\Version10\data\output\PhaseP250_beam_evidence_crop_qa\beams\B140\evidence_overlay.png
B141,True,True,True,True,True,False,False,PASS,True,100.0,100.0,100.0,4,True,C:\Users\nishanth.h\SteelBeamEstimator\Version10\data\output\PhaseP250_beam_evidence_crop_qa\beams\B141\engineering_crop.png,C:\Users\nishanth.h\SteelBeamEstimator\Version10\data\output\PhaseP250_beam_evidence_crop_qa\beams\B141\evidence_overlay.png
B142,True,True,True,True,True,False,False,PASS,True,100.0,100.0,100.0,3,True,C:\Users\nishanth.h\SteelBeamEstimator\Version10\data\output\PhaseP250_beam_evidence_crop_qa\beams\B142\engineering_crop.png,C:\Users\nishanth.h\SteelBeamEstimator\Version10\data\output\PhaseP250_beam_evidence_crop_qa\beams\B142\evidence_overlay.png
B143,True,True,True,True,True,False,False,PASS,True,100.0,100.0,100.0,0,False,C:\Users\nishanth.h\SteelBeamEstimator\Version10\data\output\PhaseP250_beam_evidence_crop_qa\beams\B143\engineering_crop.png,C:\Users\nishanth.h\SteelBeamEstimator\Version10\data\output\PhaseP250_beam_evidence_crop_qa\beams\B143\evidence_overlay.png
B144,True,True,True,True,True,False,False,PASS,True,100.0,100.0,100.0,4,True,C:\Users\nishanth.h\SteelBeamEstimator\Version10\data\output\PhaseP250_beam_evidence_crop_qa\beams\B144\engineering_crop.png,C:\Users\nishanth.h\SteelBeamEstimator\Version10\data\output\PhaseP250_beam_evidence_crop_qa\beams\B144\evidence_overlay.png
B145,True,True,True,True,False,False,False,PARTIAL,True,100.0,100.0,100.0,4,True,C:\Users\nishanth.h\SteelBeamEstimator\Version10\data\output\PhaseP250_beam_evidence_crop_qa\beams\B145\engineering_crop.png,C:\Users\nishanth.h\SteelBeamEstimator\Version10\data\output\PhaseP250_beam_evidence_crop_qa\beams\B145\evidence_overlay.png
B147,True,True,True,True,True,False,False,PASS,True,100.0,100.0,100.0,4,True,C:\Users\nishanth.h\SteelBeamEstimator\Version10\data\output\PhaseP250_beam_evidence_crop_qa\beams\B147\engineering_crop.png,C:\Users\nishanth.h\SteelBeamEstimator\Version10\data\output\PhaseP250_beam_evidence_crop_qa\beams\B147\evidence_overlay.png
B148,True,True,True,True,True,False,False,PASS,True,100.0,100.0,100.0,10,True,C:\Users\nishanth.h\SteelBeamEstimator\Version10\data\output\PhaseP250_beam_evidence_crop_qa\beams\B148\engineering_crop.png,C:\Users\nishanth.h\SteelBeamEstimator\Version10\data\output\PhaseP250_beam_evidence_crop_qa\beams\B148\evidence_overlay.png
B149,True,True,True,True,False,False,False,PARTIAL,True,100.0,100.0,100.0,9,True,C:\Users\nishanth.h\SteelBeamEstimator\Version10\data\output\PhaseP250_beam_evidence_crop_qa\beams\B149\engineering_crop.png,C:\Users\nishanth.h\SteelBeamEstimator\Version10\data\output\PhaseP250_beam_evidence_crop_qa\beams\B149\evidence_overlay.png
B15,True,True,True,True,True,False,False,PASS,True,100.0,100.0,100.0,9,True,C:\Users\nishanth.h\SteelBeamEstimator\Version10\data\output\PhaseP250_beam_evidence_crop_qa\beams\B15\engineering_crop.png,C:\Users\nishanth.h\SteelBeamEstimator\Version10\data\output\PhaseP250_beam_evidence_crop_qa\beams\B15\evidence_overlay.png
B150,True,True,True,True,True,False,False,PASS,True,100.0,100.0,100.0,3,True,C:\Users\nishanth.h\SteelBeamEstimator\Version10\data\output\PhaseP250_beam_evidence_crop_qa\beams\B150\engineering_crop.png,C:\Users\nishanth.h\SteelBeamEstimator\Version10\data\output\PhaseP250_beam_evidence_crop_qa\beams\B150\evidence_overlay.png
B152,True,True,True,True,True,False,False,PASS,True,100.0,100.0,100.0,8,True,C:\Users\nishanth.h\SteelBeamEstimator\Version10\data\output\PhaseP250_beam_evidence_crop_qa\beams\B152\engineering_crop.png,C:\Users\nishanth.h\SteelBeamEstimator\Version10\data\output\PhaseP250_beam_evidence_crop_qa\beams\B152\evidence_overlay.png
B153,True,True,True,True,True,False,False,PASS,True,100.0,100.0,100.0,0,False,C:\Users\nishanth.h\SteelBeamEstimator\Version10\data\output\PhaseP250_beam_evidence_crop_qa\beams\B153\engineering_crop.png,C:\Users\nishanth.h\SteelBeamEstimator\Version10\data\output\PhaseP250_beam_evidence_crop_qa\beams\B153\evidence_overlay.png
B154,True,True,True,True,True,False,False,PASS,True,100.0,100.0,100.0,5,True,C:\Users\nishanth.h\SteelBeamEstimator\Version10\data\output\PhaseP250_beam_evidence_crop_qa\beams\B154\engineering_crop.png,C:\Users\nishanth.h\SteelBeamEstimator\Version10\data\output\PhaseP250_beam_evidence_crop_qa\beams\B154\evidence_overlay.png
B156,True,True,True,True,True,False,False,PASS,True,100.0,100.0,100.0,6,True,C:\Users\nishanth.h\SteelBeamEstimator\Version10\data\output\PhaseP250_beam_evidence_crop_qa\beams\B156\engineering_crop.png,C:\Users\nishanth.h\SteelBeamEstimator\Version10\data\output\PhaseP250_beam_evidence_crop_qa\beams\B156\evidence_overlay.png
B159,True,True,True,True,True,False,False,PASS,True,100.0,100.0,100.0,14,True,C:\Users\nishanth.h\SteelBeamEstimator\Version10\data\output\PhaseP250_beam_evidence_crop_qa\beams\B159\engineering_crop.png,C:\Users\nishanth.h\SteelBeamEstimator\Version10\data\output\PhaseP250_beam_evidence_crop_qa\beams\B159\evidence_overlay.png
B16,True,True,True,True,True,False,False,PASS,True,100.0,100.0,100.0,7,True,C:\Users\nishanth.h\SteelBeamEstimator\Version10\data\output\PhaseP250_beam_evidence_crop_qa\beams\B16\engineering_crop.png,C:\Users\nishanth.h\SteelBeamEstimator\Version10\data\output\PhaseP250_beam_evidence_crop_qa\beams\B16\evidence_overlay.png
B161,True,True,True,True,True,False,False,PASS,True,100.0,100.0,100.0,6,True,C:\Users\nishanth.h\SteelBeamEstimator\Version10\data\output\PhaseP250_beam_evidence_crop_qa\beams\B161\engineering_crop.png,C:\Users\nishanth.h\SteelBeamEstimator\Version10\data\output\PhaseP250_beam_evidence_crop_qa\beams\B161\evidence_overlay.png
B164,True,True,True,True,True,False,False,PASS,True,100.0,100.0,100.0,9,True,C:\Users\nishanth.h\SteelBeamEstimator\Version10\data\output\PhaseP250_beam_evidence_crop_qa\beams\B164\engineering_crop.png,C:\Users\nishanth.h\SteelBeamEstimator\Version10\data\output\PhaseP250_beam_evidence_crop_qa\beams\B164\evidence_overlay.png
B165,True,True,True,True,True,False,False,PASS,True,100.0,100.0,100.0,7,True,C:\Users\nishanth.h\SteelBeamEstimator\Version10\data\output\PhaseP250_beam_evidence_crop_qa\beams\B165\engineering_crop.png,C:\Users\nishanth.h\SteelBeamEstimator\Version10\data\output\PhaseP250_beam_evidence_crop_qa\beams\B165\evidence_overlay.png
B166,True,True,True,True,True,False,False,PASS,True,100.0,100.0,100.0,7,True,C:\Users\nishanth.h\SteelBeamEstimator\Version10\data\output\PhaseP250_beam_evidence_crop_qa\beams\B166\engineering_crop.png,C:\Users\nishanth.h\SteelBeamEstimator\Version10\data\output\PhaseP250_beam_evidence_crop_qa\beams\B166\evidence_overlay.png
B168,True,True,True,True,True,False,False,PASS,True,100.0,100.0,100.0,15,True,C:\Users\nishanth.h\SteelBeamEstimator\Version10\data\output\PhaseP250_beam_evidence_crop_qa\beams\B168\engineering_crop.png,C:\Users\nishanth.h\SteelBeamEstimator\Version10\data\output\PhaseP250_beam_evidence_crop_qa\beams\B168\evidence_overlay.png
B169,True,True,True,True,True,False,False,PASS,True,100.0,100.0,100.0,8,True,C:\Users\nishanth.h\SteelBeamEstimator\Version10\data\output\PhaseP250_beam_evidence_crop_qa\beams\B169\engineering_crop.png,C:\Users\nishanth.h\SteelBeamEstimator\Version10\data\output\PhaseP250_beam_evidence_crop_qa\beams\B169\evidence_overlay.png
B17,True,True,True,True,False,False,False,PARTIAL,True,100.0,100.0,100.0,6,True,C:\Users\nishanth.h\SteelBeamEstimator\Version10\data\output\PhaseP250_beam_evidence_crop_qa\beams\B17\engineering_crop.png,C:\Users\nishanth.h\SteelBeamEstimator\Version10\data\output\PhaseP250_beam_evidence_crop_qa\beams\B17\evidence_overlay.png
B170,True,True,True,True,True,False,False,PASS,True,100.0,100.0,100.0,4,True,C:\Users\nishanth.h\SteelBeamEstimator\Version10\data\output\PhaseP250_beam_evidence_crop_qa\beams\B170\engineering_crop.png,C:\Users\nishanth.h\SteelBeamEstimator\Version10\data\output\PhaseP250_beam_evidence_crop_qa\beams\B170\evidence_overlay.png
B173,True,True,True,True,False,False,False,PARTIAL,True,100.0,100.0,100.0,3,True,C:\Users\nishanth.h\SteelBeamEstimator\Version10\data\output\PhaseP250_beam_evidence_crop_qa\beams\B173\engineering_crop.png,C:\Users\nishanth.h\SteelBeamEstimator\Version10\data\output\PhaseP250_beam_evidence_crop_qa\beams\B173\evidence_overlay.png
B174,True,True,True,True,False,False,False,PARTIAL,True,100.0,100.0,100.0,3,True,C:\Users\nishanth.h\SteelBeamEstimator\Version10\data\output\PhaseP250_beam_evidence_crop_qa\beams\B174\engineering_crop.png,C:\Users\nishanth.h\SteelBeamEstimator\Version10\data\output\PhaseP250_beam_evidence_crop_qa\beams\B174\evidence_overlay.png
B175,True,False,True,True,False,False,False,PARTIAL,True,100.0,100.0,,4,False,C:\Users\nishanth.h\SteelBeamEstimator\Version10\data\output\PhaseP250_beam_evidence_crop_qa\beams\B175\engineering_crop.png,C:\Users\nishanth.h\SteelBeamEstimator\Version10\data\output\PhaseP250_beam_evidence_crop_qa\beams\B175\evidence_overlay.png
B176,True,True,True,True,True,False,False,PASS,True,100.0,100.0,100.0,14,True,C:\Users\nishanth.h\SteelBeamEstimator\Version10\data\output\PhaseP250_beam_evidence_crop_qa\beams\B176\engineering_crop.png,C:\Users\nishanth.h\SteelBeamEstimator\Version10\data\output\PhaseP250_beam_evidence_crop_qa\beams\B176\evidence_overlay.png
B177,True,True,False,False,False,False,False,PARTIAL,True,,100.0,100.0,3,True,C:\Users\nishanth.h\SteelBeamEstimator\Version10\data\output\PhaseP250_beam_evidence_crop_qa\beams\B177\engineering_crop.png,C:\Users\nishanth.h\SteelBeamEstimator\Version10\data\output\PhaseP250_beam_evidence_crop_qa\beams\B177\evidence_overlay.png
B178,True,True,True,True,True,False,False,PASS,True,100.0,100.0,100.0,3,True,C:\Users\nishanth.h\SteelBeamEstimator\Version10\data\output\PhaseP250_beam_evidence_crop_qa\beams\B178\engineering_crop.png,C:\Users\nishanth.h\SteelBeamEstimator\Version10\data\output\PhaseP250_beam_evidence_crop_qa\beams\B178\evidence_overlay.png
B18,True,True,True,True,True,False,False,PASS,True,100.0,100.0,100.0,10,True,C:\Users\nishanth.h\SteelBeamEstimator\Version10\data\output\PhaseP250_beam_evidence_crop_qa\beams\B18\engineering_crop.png,C:\Users\nishanth.h\SteelBeamEstimator\Version10\data\output\PhaseP250_beam_evidence_crop_qa\beams\B18\evidence_overlay.png
B180,True,True,True,True,True,False,False,PASS,True,100.0,100.0,100.0,4,True,C:\Users\nishanth.h\SteelBeamEstimator\Version10\data\output\PhaseP250_beam_evidence_crop_qa\beams\B180\engineering_crop.png,C:\Users\nishanth.h\SteelBeamEstimator\Version10\data\output\PhaseP250_beam_evidence_crop_qa\beams\B180\evidence_overlay.png
B182,True,True,True,True,True,False,False,PASS,True,100.0,100.0,100.0,4,True,C:\Users\nishanth.h\SteelBeamEstimator\Version10\data\output\PhaseP250_beam_evidence_crop_qa\beams\B182\engineering_crop.png,C:\Users\nishanth.h\SteelBeamEstimator\Version10\data\output\PhaseP250_beam_evidence_crop_qa\beams\B182\evidence_overlay.png
B185,True,True,True,True,True,False,False,PASS,True,100.0,100.0,100.0,4,True,C:\Users\nishanth.h\SteelBeamEstimator\Version10\data\output\PhaseP250_beam_evidence_crop_qa\beams\B185\engineering_crop.png,C:\Users\nishanth.h\SteelBeamEstimator\Version10\data\output\PhaseP250_beam_evidence_crop_qa\beams\B185\evidence_overlay.png
B186,True,True,True,True,True,False,False,PASS,True,100.0,100.0,100.0,4,True,C:\Users\nishanth.h\SteelBeamEstimator\Version10\data\output\PhaseP250_beam_evidence_crop_qa\beams\B186\engineering_crop.png,C:\Users\nishanth.h\SteelBeamEstimator\Version10\data\output\PhaseP250_beam_evidence_crop_qa\beams\B186\evidence_overlay.png
B19,True,True,True,True,True,False,False,PASS,True,100.0,100.0,100.0,9,True,C:\Users\nishanth.h\SteelBeamEstimator\Version10\data\output\PhaseP250_beam_evidence_crop_qa\beams\B19\engineering_crop.png,C:\Users\nishanth.h\SteelBeamEstimator\Version10\data\output\PhaseP250_beam_evidence_crop_qa\beams\B19\evidence_overlay.png
B191,True,True,True,True,True,False,False,PASS,True,100.0,100.0,100.0,6,True,C:\Users\nishanth.h\SteelBeamEstimator\Version10\data\output\PhaseP250_beam_evidence_crop_qa\beams\B191\engineering_crop.png,C:\Users\nishanth.h\SteelBeamEstimator\Version10\data\output\PhaseP250_beam_evidence_crop_qa\beams\B191\evidence_overlay.png
B22,True,True,True,True,True,False,False,PASS,True,100.0,100.0,100.0,10,True,C:\Users\nishanth.h\SteelBeamEstimator\Version10\data\output\PhaseP250_beam_evidence_crop_qa\beams\B22\engineering_crop.png,C:\Users\nishanth.h\SteelBeamEstimator\Version10\data\output\PhaseP250_beam_evidence_crop_qa\beams\B22\evidence_overlay.png
B23,True,True,True,True,True,False,False,PASS,True,100.0,100.0,100.0,8,True,C:\Users\nishanth.h\SteelBeamEstimator\Version10\data\output\PhaseP250_beam_evidence_crop_qa\beams\B23\engineering_crop.png,C:\Users\nishanth.h\SteelBeamEstimator\Version10\data\output\PhaseP250_beam_evidence_crop_qa\beams\B23\evidence_overlay.png
B29,True,True,True,True,True,False,False,PASS,True,100.0,100.0,100.0,7,True,C:\Users\nishanth.h\SteelBeamEstimator\Version10\data\output\PhaseP250_beam_evidence_crop_qa\beams\B29\engineering_crop.png,C:\Users\nishanth.h\SteelBeamEstimator\Version10\data\output\PhaseP250_beam_evidence_crop_qa\beams\B29\evidence_overlay.png
B42,True,True,True,True,True,False,False,PASS,True,100.0,100.0,100.0,8,True,C:\Users\nishanth.h\SteelBeamEstimator\Version10\data\output\PhaseP250_beam_evidence_crop_qa\beams\B42\engineering_crop.png,C:\Users\nishanth.h\SteelBeamEstimator\Version10\data\output\PhaseP250_beam_evidence_crop_qa\beams\B42\evidence_overlay.png
B42A,True,True,True,True,True,False,False,PASS,True,100.0,100.0,100.0,4,True,C:\Users\nishanth.h\SteelBeamEstimator\Version10\data\output\PhaseP250_beam_evidence_crop_qa\beams\B42A\engineering_crop.png,C:\Users\nishanth.h\SteelBeamEstimator\Version10\data\output\PhaseP250_beam_evidence_crop_qa\beams\B42A\evidence_overlay.png
B45,True,True,True,True,True,False,False,PASS,True,100.0,100.0,100.0,4,True,C:\Users\nishanth.h\SteelBeamEstimator\Version10\data\output\PhaseP250_beam_evidence_crop_qa\beams\B45\engineering_crop.png,C:\Users\nishanth.h\SteelBeamEstimator\Version10\data\output\PhaseP250_beam_evidence_crop_qa\beams\B45\evidence_overlay.png
B46,True,True,True,True,True,False,False,PASS,True,100.0,100.0,100.0,6,True,C:\Users\nishanth.h\SteelBeamEstimator\Version10\data\output\PhaseP250_beam_evidence_crop_qa\beams\B46\engineering_crop.png,C:\Users\nishanth.h\SteelBeamEstimator\Version10\data\output\PhaseP250_beam_evidence_crop_qa\beams\B46\evidence_overlay.png
B47,True,True,True,True,True,False,False,PASS,False,100.0,100.0,100.0,6,True,C:\Users\nishanth.h\SteelBeamEstimator\Version10\data\output\PhaseP250_beam_evidence_crop_qa\beams\B47\engineering_crop.png,C:\Users\nishanth.h\SteelBeamEstimator\Version10\data\output\PhaseP250_beam_evidence_crop_qa\beams\B47\evidence_overlay.png
B48,True,True,True,True,True,False,False,PASS,True,100.0,100.0,100.0,4,True,C:\Users\nishanth.h\SteelBeamEstimator\Version10\data\output\PhaseP250_beam_evidence_crop_qa\beams\B48\engineering_crop.png,C:\Users\nishanth.h\SteelBeamEstimator\Version10\data\output\PhaseP250_beam_evidence_crop_qa\beams\B48\evidence_overlay.png
B51,True,True,True,True,True,False,False,PASS,True,100.0,100.0,100.0,3,True,C:\Users\nishanth.h\SteelBeamEstimator\Version10\data\output\PhaseP250_beam_evidence_crop_qa\beams\B51\engineering_crop.png,C:\Users\nishanth.h\SteelBeamEstimator\Version10\data\output\PhaseP250_beam_evidence_crop_qa\beams\B51\evidence_overlay.png
B52,True,True,True,True,False,False,False,PARTIAL,True,100.0,100.0,100.0,3,True,C:\Users\nishanth.h\SteelBeamEstimator\Version10\data\output\PhaseP250_beam_evidence_crop_qa\beams\B52\engineering_crop.png,C:\Users\nishanth.h\SteelBeamEstimator\Version10\data\output\PhaseP250_beam_evidence_crop_qa\beams\B52\evidence_overlay.png
B55,True,True,True,True,True,False,False,PASS,True,100.0,100.0,100.0,6,True,C:\Users\nishanth.h\SteelBeamEstimator\Version10\data\output\PhaseP250_beam_evidence_crop_qa\beams\B55\engineering_crop.png,C:\Users\nishanth.h\SteelBeamEstimator\Version10\data\output\PhaseP250_beam_evidence_crop_qa\beams\B55\evidence_overlay.png
B56,True,True,True,True,True,False,False,PASS,True,100.0,100.0,100.0,6,True,C:\Users\nishanth.h\SteelBeamEstimator\Version10\data\output\PhaseP250_beam_evidence_crop_qa\beams\B56\engineering_crop.png,C:\Users\nishanth.h\SteelBeamEstimator\Version10\data\output\PhaseP250_beam_evidence_crop_qa\beams\B56\evidence_overlay.png
B57,True,True,True,True,True,False,False,PASS,True,100.0,100.0,100.0,6,True,C:\Users\nishanth.h\SteelBeamEstimator\Version10\data\output\PhaseP250_beam_evidence_crop_qa\beams\B57\engineering_crop.png,C:\Users\nishanth.h\SteelBeamEstimator\Version10\data\output\PhaseP250_beam_evidence_crop_qa\beams\B57\evidence_overlay.png
B58,True,True,True,True,True,False,False,PASS,True,100.0,100.0,100.0,4,True,C:\Users\nishanth.h\SteelBeamEstimator\Version10\data\output\PhaseP250_beam_evidence_crop_qa\beams\B58\engineering_crop.png,C:\Users\nishanth.h\SteelBeamEstimator\Version10\data\output\PhaseP250_beam_evidence_crop_qa\beams\B58\evidence_overlay.png
B59,True,True,True,True,True,False,False,PASS,True,100.0,100.0,100.0,6,True,C:\Users\nishanth.h\SteelBeamEstimator\Version10\data\output\PhaseP250_beam_evidence_crop_qa\beams\B59\engineering_crop.png,C:\Users\nishanth.h\SteelBeamEstimator\Version10\data\output\PhaseP250_beam_evidence_crop_qa\beams\B59\evidence_overlay.png
B60,True,True,True,True,True,False,False,PASS,True,100.0,100.0,100.0,7,True,C:\Users\nishanth.h\SteelBeamEstimator\Version10\data\output\PhaseP250_beam_evidence_crop_qa\beams\B60\engineering_crop.png,C:\Users\nishanth.h\SteelBeamEstimator\Version10\data\output\PhaseP250_beam_evidence_crop_qa\beams\B60\evidence_overlay.png
B61,True,True,True,True,False,False,False,PARTIAL,True,100.0,100.0,100.0,7,True,C:\Users\nishanth.h\SteelBeamEstimator\Version10\data\output\PhaseP250_beam_evidence_crop_qa\beams\B61\engineering_crop.png,C:\Users\nishanth.h\SteelBeamEstimator\Version10\data\output\PhaseP250_beam_evidence_crop_qa\beams\B61\evidence_overlay.png
B63,True,True,True,True,True,False,False,PASS,True,100.0,100.0,100.0,8,True,C:\Users\nishanth.h\SteelBeamEstimator\Version10\data\output\PhaseP250_beam_evidence_crop_qa\beams\B63\engineering_crop.png,C:\Users\nishanth.h\SteelBeamEstimator\Version10\data\output\PhaseP250_beam_evidence_crop_qa\beams\B63\evidence_overlay.png
B64,True,True,True,True,True,False,False,PASS,True,100.0,100.0,100.0,6,True,C:\Users\nishanth.h\SteelBeamEstimator\Version10\data\output\PhaseP250_beam_evidence_crop_qa\beams\B64\engineering_crop.png,C:\Users\nishanth.h\SteelBeamEstimator\Version10\data\output\PhaseP250_beam_evidence_crop_qa\beams\B64\evidence_overlay.png
B65,True,True,True,True,True,False,False,PASS,True,100.0,100.0,100.0,8,True,C:\Users\nishanth.h\SteelBeamEstimator\Version10\data\output\PhaseP250_beam_evidence_crop_qa\beams\B65\engineering_crop.png,C:\Users\nishanth.h\SteelBeamEstimator\Version10\data\output\PhaseP250_beam_evidence_crop_qa\beams\B65\evidence_overlay.png
B66,True,True,True,True,True,False,False,PASS,True,100.0,100.0,100.0,6,True,C:\Users\nishanth.h\SteelBeamEstimator\Version10\data\output\PhaseP250_beam_evidence_crop_qa\beams\B66\engineering_crop.png,C:\Users\nishanth.h\SteelBeamEstimator\Version10\data\output\PhaseP250_beam_evidence_crop_qa\beams\B66\evidence_overlay.png
B68,True,True,True,True,False,False,False,PARTIAL,True,100.0,100.0,100.0,8,True,C:\Users\nishanth.h\SteelBeamEstimator\Version10\data\output\PhaseP250_beam_evidence_crop_qa\beams\B68\engineering_crop.png,C:\Users\nishanth.h\SteelBeamEstimator\Version10\data\output\PhaseP250_beam_evidence_crop_qa\beams\B68\evidence_overlay.png
B68A,True,True,True,True,True,False,False,PASS,True,100.0,100.0,100.0,9,True,C:\Users\nishanth.h\SteelBeamEstimator\Version10\data\output\PhaseP250_beam_evidence_crop_qa\beams\B68A\engineering_crop.png,C:\Users\nishanth.h\SteelBeamEstimator\Version10\data\output\PhaseP250_beam_evidence_crop_qa\beams\B68A\evidence_overlay.png
B69,True,True,True,True,True,False,False,PASS,True,100.0,100.0,100.0,8,True,C:\Users\nishanth.h\SteelBeamEstimator\Version10\data\output\PhaseP250_beam_evidence_crop_qa\beams\B69\engineering_crop.png,C:\Users\nishanth.h\SteelBeamEstimator\Version10\data\output\PhaseP250_beam_evidence_crop_qa\beams\B69\evidence_overlay.png
B70,True,True,True,True,False,False,False,PARTIAL,True,100.0,100.0,100.0,8,True,C:\Users\nishanth.h\SteelBeamEstimator\Version10\data\output\PhaseP250_beam_evidence_crop_qa\beams\B70\engineering_crop.png,C:\Users\nishanth.h\SteelBeamEstimator\Version10\data\output\PhaseP250_beam_evidence_crop_qa\beams\B70\evidence_overlay.png
B70A,True,True,True,True,True,False,False,PASS,True,100.0,100.0,100.0,9,True,C:\Users\nishanth.h\SteelBeamEstimator\Version10\data\output\PhaseP250_beam_evidence_crop_qa\beams\B70A\engineering_crop.png,C:\Users\nishanth.h\SteelBeamEstimator\Version10\data\output\PhaseP250_beam_evidence_crop_qa\beams\B70A\evidence_overlay.png
B71,True,True,True,True,True,False,False,PASS,True,100.0,100.0,100.0,4,True,C:\Users\nishanth.h\SteelBeamEstimator\Version10\data\output\PhaseP250_beam_evidence_crop_qa\beams\B71\engineering_crop.png,C:\Users\nishanth.h\SteelBeamEstimator\Version10\data\output\PhaseP250_beam_evidence_crop_qa\beams\B71\evidence_overlay.png
B72,True,True,True,True,True,False,False,PASS,True,100.0,100.0,100.0,4,True,C:\Users\nishanth.h\SteelBeamEstimator\Version10\data\output\PhaseP250_beam_evidence_crop_qa\beams\B72\engineering_crop.png,C:\Users\nishanth.h\SteelBeamEstimator\Version10\data\output\PhaseP250_beam_evidence_crop_qa\beams\B72\evidence_overlay.png
B73,True,True,True,True,False,False,False,PARTIAL,True,100.0,100.0,100.0,4,True,C:\Users\nishanth.h\SteelBeamEstimator\Version10\data\output\PhaseP250_beam_evidence_crop_qa\beams\B73\engineering_crop.png,C:\Users\nishanth.h\SteelBeamEstimator\Version10\data\output\PhaseP250_beam_evidence_crop_qa\beams\B73\evidence_overlay.png
B74,True,True,True,True,True,False,False,PASS,True,100.0,100.0,100.0,9,True,C:\Users\nishanth.h\SteelBeamEstimator\Version10\data\output\PhaseP250_beam_evidence_crop_qa\beams\B74\engineering_crop.png,C:\Users\nishanth.h\SteelBeamEstimator\Version10\data\output\PhaseP250_beam_evidence_crop_qa\beams\B74\evidence_overlay.png
B75,True,True,True,True,True,False,False,PASS,True,100.0,100.0,100.0,9,True,C:\Users\nishanth.h\SteelBeamEstimator\Version10\data\output\PhaseP250_beam_evidence_crop_qa\beams\B75\engineering_crop.png,C:\Users\nishanth.h\SteelBeamEstimator\Version10\data\output\PhaseP250_beam_evidence_crop_qa\beams\B75\evidence_overlay.png
B76,True,True,True,True,False,False,False,PARTIAL,True,100.0,100.0,100.0,9,True,C:\Users\nishanth.h\SteelBeamEstimator\Version10\data\output\PhaseP250_beam_evidence_crop_qa\beams\B76\engineering_crop.png,C:\Users\nishanth.h\SteelBeamEstimator\Version10\data\output\PhaseP250_beam_evidence_crop_qa\beams\B76\evidence_overlay.png
B77,True,True,True,True,True,False,False,PASS,True,100.0,100.0,100.0,4,True,C:\Users\nishanth.h\SteelBeamEstimator\Version10\data\output\PhaseP250_beam_evidence_crop_qa\beams\B77\engineering_crop.png,C:\Users\nishanth.h\SteelBeamEstimator\Version10\data\output\PhaseP250_beam_evidence_crop_qa\beams\B77\evidence_overlay.png
B78,True,True,True,True,False,False,False,PARTIAL,True,100.0,100.0,100.0,6,True,C:\Users\nishanth.h\SteelBeamEstimator\Version10\data\output\PhaseP250_beam_evidence_crop_qa\beams\B78\engineering_crop.png,C:\Users\nishanth.h\SteelBeamEstimator\Version10\data\output\PhaseP250_beam_evidence_crop_qa\beams\B78\evidence_overlay.png
B79,True,True,True,True,False,False,False,PARTIAL,True,100.0,100.0,100.0,4,True,C:\Users\nishanth.h\SteelBeamEstimator\Version10\data\output\PhaseP250_beam_evidence_crop_qa\beams\B79\engineering_crop.png,C:\Users\nishanth.h\SteelBeamEstimator\Version10\data\output\PhaseP250_beam_evidence_crop_qa\beams\B79\evidence_overlay.png
B80,True,True,True,True,False,False,False,PARTIAL,True,100.0,100.0,100.0,8,True,C:\Users\nishanth.h\SteelBeamEstimator\Version10\data\output\PhaseP250_beam_evidence_crop_qa\beams\B80\engineering_crop.png,C:\Users\nishanth.h\SteelBeamEstimator\Version10\data\output\PhaseP250_beam_evidence_crop_qa\beams\B80\evidence_overlay.png
B81,True,True,True,True,True,False,False,PASS,True,100.0,100.0,100.0,0,False,C:\Users\nishanth.h\SteelBeamEstimator\Version10\data\output\PhaseP250_beam_evidence_crop_qa\beams\B81\engineering_crop.png,C:\Users\nishanth.h\SteelBeamEstimator\Version10\data\output\PhaseP250_beam_evidence_crop_qa\beams\B81\evidence_overlay.png
B82,True,True,True,True,True,False,False,PASS,True,100.0,100.0,100.0,4,True,C:\Users\nishanth.h\SteelBeamEstimator\Version10\data\output\PhaseP250_beam_evidence_crop_qa\beams\B82\engineering_crop.png,C:\Users\nishanth.h\SteelBeamEstimator\Version10\data\output\PhaseP250_beam_evidence_crop_qa\beams\B82\evidence_overlay.png
B83,True,True,True,True,True,False,False,PASS,True,100.0,100.0,100.0,4,True,C:\Users\nishanth.h\SteelBeamEstimator\Version10\data\output\PhaseP250_beam_evidence_crop_qa\beams\B83\engineering_crop.png,C:\Users\nishanth.h\SteelBeamEstimator\Version10\data\output\PhaseP250_beam_evidence_crop_qa\beams\B83\evidence_overlay.png
B85,True,True,True,True,True,False,False,PASS,True,100.0,100.0,100.0,4,True,C:\Users\nishanth.h\SteelBeamEstimator\Version10\data\output\PhaseP250_beam_evidence_crop_qa\beams\B85\engineering_crop.png,C:\Users\nishanth.h\SteelBeamEstimator\Version10\data\output\PhaseP250_beam_evidence_crop_qa\beams\B85\evidence_overlay.png
B86,True,True,True,True,False,False,False,PARTIAL,True,100.0,100.0,100.0,4,True,C:\Users\nishanth.h\SteelBeamEstimator\Version10\data\output\PhaseP250_beam_evidence_crop_qa\beams\B86\engineering_crop.png,C:\Users\nishanth.h\SteelBeamEstimator\Version10\data\output\PhaseP250_beam_evidence_crop_qa\beams\B86\evidence_overlay.png
B88,True,True,True,True,True,False,False,PASS,True,100.0,100.0,100.0,4,True,C:\Users\nishanth.h\SteelBeamEstimator\Version10\data\output\PhaseP250_beam_evidence_crop_qa\beams\B88\engineering_crop.png,C:\Users\nishanth.h\SteelBeamEstimator\Version10\data\output\PhaseP250_beam_evidence_crop_qa\beams\B88\evidence_overlay.png
B89,True,True,True,True,True,False,False,PASS,True,100.0,100.0,100.0,4,True,C:\Users\nishanth.h\SteelBeamEstimator\Version10\data\output\PhaseP250_beam_evidence_crop_qa\beams\B89\engineering_crop.png,C:\Users\nishanth.h\SteelBeamEstimator\Version10\data\output\PhaseP250_beam_evidence_crop_qa\beams\B89\evidence_overlay.png
B91,True,True,True,True,False,False,False,PARTIAL,True,100.0,100.0,100.0,4,True,C:\Users\nishanth.h\SteelBeamEstimator\Version10\data\output\PhaseP250_beam_evidence_crop_qa\beams\B91\engineering_crop.png,C:\Users\nishanth.h\SteelBeamEstimator\Version10\data\output\PhaseP250_beam_evidence_crop_qa\beams\B91\evidence_overlay.png
B92,True,True,True,True,True,False,False,PASS,True,100.0,100.0,100.0,4,True,C:\Users\nishanth.h\SteelBeamEstimator\Version10\data\output\PhaseP250_beam_evidence_crop_qa\beams\B92\engineering_crop.png,C:\Users\nishanth.h\SteelBeamEstimator\Version10\data\output\PhaseP250_beam_evidence_crop_qa\beams\B92\evidence_overlay.png
B93,True,True,True,True,False,False,False,PARTIAL,True,100.0,100.0,100.0,4,True,C:\Users\nishanth.h\SteelBeamEstimator\Version10\data\output\PhaseP250_beam_evidence_crop_qa\beams\B93\engineering_crop.png,C:\Users\nishanth.h\SteelBeamEstimator\Version10\data\output\PhaseP250_beam_evidence_crop_qa\beams\B93\evidence_overlay.png
B94,True,True,True,True,True,False,False,PASS,True,100.0,100.0,100.0,4,True,C:\Users\nishanth.h\SteelBeamEstimator\Version10\data\output\PhaseP250_beam_evidence_crop_qa\beams\B94\engineering_crop.png,C:\Users\nishanth.h\SteelBeamEstimator\Version10\data\output\PhaseP250_beam_evidence_crop_qa\beams\B94\evidence_overlay.png
B96,True,True,True,True,True,False,False,PASS,True,100.0,100.0,100.0,10,True,C:\Users\nishanth.h\SteelBeamEstimator\Version10\data\output\PhaseP250_beam_evidence_crop_qa\beams\B96\engineering_crop.png,C:\Users\nishanth.h\SteelBeamEstimator\Version10\data\output\PhaseP250_beam_evidence_crop_qa\beams\B96\evidence_overlay.png
B96A,True,True,True,True,False,False,False,PARTIAL,True,100.0,100.0,100.0,4,True,C:\Users\nishanth.h\SteelBeamEstimator\Version10\data\output\PhaseP250_beam_evidence_crop_qa\beams\B96A\engineering_crop.png,C:\Users\nishanth.h\SteelBeamEstimator\Version10\data\output\PhaseP250_beam_evidence_crop_qa\beams\B96A\evidence_overlay.png
B97,True,True,True,True,True,False,False,PASS,True,100.0,100.0,100.0,9,True,C:\Users\nishanth.h\SteelBeamEstimator\Version10\data\output\PhaseP250_beam_evidence_crop_qa\beams\B97\engineering_crop.png,C:\Users\nishanth.h\SteelBeamEstimator\Version10\data\output\PhaseP250_beam_evidence_crop_qa\beams\B97\evidence_overlay.png
B97A,True,True,True,True,False,False,False,PARTIAL,True,100.0,100.0,100.0,4,True,C:\Users\nishanth.h\SteelBeamEstimator\Version10\data\output\PhaseP250_beam_evidence_crop_qa\beams\B97A\engineering_crop.png,C:\Users\nishanth.h\SteelBeamEstimator\Version10\data\output\PhaseP250_beam_evidence_crop_qa\beams\B97A\evidence_overlay.png
B98,True,True,True,True,True,False,False,PASS,True,100.0,100.0,100.0,6,True,C:\Users\nishanth.h\SteelBeamEstimator\Version10\data\output\PhaseP250_beam_evidence_crop_qa\beams\B98\engineering_crop.png,C:\Users\nishanth.h\SteelBeamEstimator\Version10\data\output\PhaseP250_beam_evidence_crop_qa\beams\B98\evidence_overlay.png
B98A,True,True,True,True,False,False,False,PARTIAL,True,100.0,100.0,100.0,4,True,C:\Users\nishanth.h\SteelBeamEstimator\Version10\data\output\PhaseP250_beam_evidence_crop_qa\beams\B98A\engineering_crop.png,C:\Users\nishanth.h\SteelBeamEstimator\Version10\data\output\PhaseP250_beam_evidence_crop_qa\beams\B98A\evidence_overlay.png
B99,True,True,True,True,True,False,False,PASS,True,100.0,100.0,100.0,7,True,C:\Users\nishanth.h\SteelBeamEstimator\Version10\data\output\PhaseP250_beam_evidence_crop_qa\beams\B99\engineering_crop.png,C:\Users\nishanth.h\SteelBeamEstimator\Version10\data\output\PhaseP250_beam_evidence_crop_qa\beams\B99\evidence_overlay.png
B99A,True,True,True,True,False,False,False,PARTIAL,True,100.0,100.0,100.0,4,True,C:\Users\nishanth.h\SteelBeamEstimator\Version10\data\output\PhaseP250_beam_evidence_crop_qa\beams\B99A\engineering_crop.png,C:\Users\nishanth.h\SteelBeamEstimator\Version10\data\output\PhaseP250_beam_evidence_crop_qa\beams\B99A\evidence_overlay.png
