intent_id,beam_id,annotation_id,raw_text,normalized_text,semantic_type,reinforcement_role,quantity_expression,quantity_value,quantity_status,quantity_source,diameter_expression,diameter_value_mm,spacing_expression,spacing_value_mm,spacing_values_mm,leg_expression,leg_count,unit,component_count,components_json,confidence,validation_status,validation_reasons,accepted,leader_id,ownership_id,source_handle,evidence_id,chain_semantic_type
QI::B100::ANN-29f62939,B100,ANN-29f62939,3L-Y10@100C/C,3L-Y10@100C/C,STIRRUP,STIRRUP,3L-Y10@100C/C,,SPACING_BASED,STIRRUP_PATTERN,Y10,10.0,100,100.0,100,3L,3,SPACING_MM,0,[],0.99,PASS,,True,,,,,StirrupNote
QI::B100::ANN-655eb304,B100,ANN-655eb304,3-Y20,3-Y20,LONGITUDINAL_BAR,UNKNOWN,3-Y20,3,EXPLICIT,ANNOTATION_TEXT,Y20,20.0,,,,,,COUNT,1,"[{'q': 3, 'd': 20.0, 'expr': '3-Y20'}]",0.9,PASS,,True,LDR::E8A36960,,,,BarCallout
QI::B100A::ANN-13582c44,B100A,ANN-13582c44,4L-Y10@100/150/100C/C,4L-Y10@100/150/100C/C,STIRRUP,STIRRUP,4L-Y10@100/150/100C/C,,SPACING_BASED,STIRRUP_PATTERN,Y10,10.0,100/150/100,,100|150|100,4L,4,SPACING_MM,0,[],0.99,PASS,,True,LDR::8A54B888,OWN::B100A::12481D8,,,StirrupNote
QI::B101::ANN-80ac063f,B101,ANN-80ac063f,3-Y20,3-Y20,LONGITUDINAL_BAR,UNKNOWN,3-Y20,3,EXPLICIT,ANNOTATION_TEXT,Y20,20.0,,,,,,COUNT,1,"[{'q': 3, 'd': 20.0, 'expr': '3-Y20'}]",0.9,PASS,,True,LDR::76A1C107,,,,BarCallout
QI::B101::ANN-d8c2de5e,B101,ANN-d8c2de5e,3L-Y10@100C/C,3L-Y10@100C/C,STIRRUP,STIRRUP,3L-Y10@100C/C,,SPACING_BASED,STIRRUP_PATTERN,Y10,10.0,100,100.0,100,3L,3,SPACING_MM,0,[],0.99,PASS,,True,,,,,StirrupNote
QI::B101A::ANN-bfa9b021,B101A,ANN-bfa9b021,4L-Y10@100/150/100C/C,4L-Y10@100/150/100C/C,STIRRUP,STIRRUP,4L-Y10@100/150/100C/C,,SPACING_BASED,STIRRUP_PATTERN,Y10,10.0,100/150/100,,100|150|100,4L,4,SPACING_MM,0,[],0.99,PASS,,True,,,,,StirrupNote
QI::B101A::ANN-e67412bd,B101A,ANN-e67412bd,4-Y25,4-Y25,LONGITUDINAL_BAR,UNKNOWN,4-Y25,4,EXPLICIT,ANNOTATION_TEXT,Y25,25.0,,,,,,COUNT,1,"[{'q': 4, 'd': 25.0, 'expr': '4-Y25'}]",0.9,PASS,,True,,,,,BarCallout
QI::B102::ANN-030581f0,B102,ANN-030581f0,3L-Y10@100C/C,3L-Y10@100C/C,STIRRUP,STIRRUP,3L-Y10@100C/C,,SPACING_BASED,STIRRUP_PATTERN,Y10,10.0,100,100.0,100,3L,3,SPACING_MM,0,[],0.99,PASS,,True,,,,,StirrupNote
QI::B102::ANN-4b59ff37,B102,ANN-4b59ff37,3-Y20,3-Y20,LONGITUDINAL_BAR,UNKNOWN,3-Y20,3,EXPLICIT,ANNOTATION_TEXT,Y20,20.0,,,,,,COUNT,1,"[{'q': 3, 'd': 20.0, 'expr': '3-Y20'}]",0.9,PASS,,True,LDR::B2D4C826,,,,BarCallout
QI::B102::ANN-4cd6f72d,B102,ANN-4cd6f72d,3-Y16,3-Y16,LONGITUDINAL_BAR,UNKNOWN,3-Y16,3,EXPLICIT,ANNOTATION_TEXT,Y16,16.0,,,,,,COUNT,1,"[{'q': 3, 'd': 16.0, 'expr': '3-Y16'}]",0.9,PASS,,True,,,,,BarCallout
QI::B103::ANN-19a711d6,B103,ANN-19a711d6,3-Y16,3-Y16,LONGITUDINAL_BAR,UNKNOWN,3-Y16,3,EXPLICIT,ANNOTATION_TEXT,Y16,16.0,,,,,,COUNT,1,"[{'q': 3, 'd': 16.0, 'expr': '3-Y16'}]",0.9,PASS,,True,LDR::22591B27,OWN::B103::11D0421,,,BarCallout
QI::B103::ANN-6d8bbdf4,B103,ANN-6d8bbdf4,3L-Y10@100C/C,3L-Y10@100C/C,STIRRUP,STIRRUP,3L-Y10@100C/C,,SPACING_BASED,STIRRUP_PATTERN,Y10,10.0,100,100.0,100,3L,3,SPACING_MM,0,[],0.99,PASS,,True,,,,,StirrupNote
QI::B103::ANN-8e897f60,B103,ANN-8e897f60,3-Y20,3-Y20,LONGITUDINAL_BAR,UNKNOWN,3-Y20,3,EXPLICIT,ANNOTATION_TEXT,Y20,20.0,,,,,,COUNT,1,"[{'q': 3, 'd': 20.0, 'expr': '3-Y20'}]",0.9,PASS,,True,LDR::D2A8FCE1,OWN::B103::11D0423,,,BarCallout
QI::B119::ANN-1ae5aa17,B119,ANN-1ae5aa17,3-Y16,3-Y16,LONGITUDINAL_BAR,UNKNOWN,3-Y16,3,EXPLICIT,ANNOTATION_TEXT,Y16,16.0,,,,,,COUNT,1,"[{'q': 3, 'd': 16.0, 'expr': '3-Y16'}]",0.9,PASS,,True,LDR::F3CF6D90,,,,BarCallout
QI::B119::ANN-b9d9e30b,B119,ANN-b9d9e30b,3-Y16,3-Y16,LONGITUDINAL_BAR,UNKNOWN,3-Y16,3,EXPLICIT,ANNOTATION_TEXT,Y16,16.0,,,,,,COUNT,1,"[{'q': 3, 'd': 16.0, 'expr': '3-Y16'}]",0.9,PASS,,True,LDR::C17E6B9B,,,,BarCallout
QI::B120::ANN-8883ea68,B120,ANN-8883ea68,3-Y25,3-Y25,LONGITUDINAL_BAR,UNKNOWN,3-Y25,3,EXPLICIT,ANNOTATION_TEXT,Y25,25.0,,,,,,COUNT,1,"[{'q': 3, 'd': 25.0, 'expr': '3-Y25'}]",0.9,PASS,,True,LDR::4AAC215B,OWN::B120::11D1DD0,,,BarCallout
QI::B120::ANN-f4213b73,B120,ANN-f4213b73,3L-Y10@100C/150/100/C,3L-Y10@100C/150/100/C,STIRRUP,STIRRUP,3L-Y10@100C/150/100/C,,SPACING_BASED,STIRRUP_PATTERN,Y10,10.0,100,100.0,100,3L,3,SPACING_MM,0,[],0.99,PASS,,True,,,,,StirrupNote
QI::B121::ANN-3eb6504d,B121,ANN-3eb6504d,4L-Y12@100C/C,4L-Y12@100C/C,STIRRUP,STIRRUP,4L-Y12@100C/C,,SPACING_BASED,STIRRUP_PATTERN,Y12,12.0,100,100.0,100,4L,4,SPACING_MM,0,[],0.99,PASS,,True,LDR::F59901AE,,,,StirrupNote
QI::B121::ANN-73c67bd2,B121,ANN-73c67bd2,4-Y20,4-Y20,LONGITUDINAL_BAR,UNKNOWN,4-Y20,4,EXPLICIT,ANNOTATION_TEXT,Y20,20.0,,,,,,COUNT,1,"[{'q': 4, 'd': 20.0, 'expr': '4-Y20'}]",0.9,PASS,,True,LDR::F59901AE,,,,BarCallout
QI::B121::ANN-8a4731e2,B121,ANN-8a4731e2,4-Y20,4-Y20,LONGITUDINAL_BAR,UNKNOWN,4-Y20,4,EXPLICIT,ANNOTATION_TEXT,Y20,20.0,,,,,,COUNT,1,"[{'q': 4, 'd': 20.0, 'expr': '4-Y20'}]",0.9,PASS,,True,LDR::55FC3091,,,,BarCallout
QI::B122::ANN-0b62504e,B122,ANN-0b62504e,4-Y20,4-Y20,LONGITUDINAL_BAR,UNKNOWN,4-Y20,4,EXPLICIT,ANNOTATION_TEXT,Y20,20.0,,,,,,COUNT,1,"[{'q': 4, 'd': 20.0, 'expr': '4-Y20'}]",0.9,PASS,,True,LDR::4660769E,,,,BarCallout
QI::B122::ANN-2c570d23,B122,ANN-2c570d23,4L-Y12@100C/C,4L-Y12@100C/C,STIRRUP,STIRRUP,4L-Y12@100C/C,,SPACING_BASED,STIRRUP_PATTERN,Y12,12.0,100,100.0,100,4L,4,SPACING_MM,0,[],0.99,PASS,,True,LDR::4660769E,,,,StirrupNote
QI::B123::ANN-3f905849,B123,ANN-3f905849,2-Y25,2-Y25,LONGITUDINAL_BAR,UNKNOWN,2-Y25,2,EXPLICIT,ANNOTATION_TEXT,Y25,25.0,,,,,,COUNT,1,"[{'q': 2, 'd': 25.0, 'expr': '2-Y25'}]",0.9,PASS,,True,LDR::99B5E871,,,,BarCallout
QI::B123::ANN-6d809bfc,B123,ANN-6d809bfc,4L-Y10@100/125/100C/C,4L-Y10@100/125/100C/C,STIRRUP,STIRRUP,4L-Y10@100/125/100C/C,,SPACING_BASED,STIRRUP_PATTERN,Y10,10.0,100/125/100,,100|125|100,4L,4,SPACING_MM,0,[],0.99,PASS,,True,LDR::1965C7AC,,,,StirrupNote
QI::B123::ANN-8ae336be,B123,ANN-8ae336be,6-Y20,6-Y20,LONGITUDINAL_BAR,UNKNOWN,6-Y20,6,EXPLICIT,ANNOTATION_TEXT,Y20,20.0,,,,,,COUNT,1,"[{'q': 6, 'd': 20.0, 'expr': '6-Y20'}]",0.9,PASS,,True,LDR::1965C7AC,,,,BarCallout
QI::B126::ANN-9f081a15,B126,ANN-9f081a15,4L-Y10@100/150/100C/C,4L-Y10@100/150/100C/C,STIRRUP,STIRRUP,4L-Y10@100/150/100C/C,,SPACING_BASED,STIRRUP_PATTERN,Y10,10.0,100/150/100,,100|150|100,4L,4,SPACING_MM,0,[],0.99,PASS,,True,,,,,StirrupNote
QI::B126::ANN-c442e075,B126,ANN-c442e075,5-Y25,5-Y25,LONGITUDINAL_BAR,UNKNOWN,5-Y25,5,EXPLICIT,ANNOTATION_TEXT,Y25,25.0,,,,,,COUNT,1,"[{'q': 5, 'd': 25.0, 'expr': '5-Y25'}]",0.9,PASS,,True,LDR::BC957243,,,,BarCallout
QI::B126::ANN-c5694aa8,B126,ANN-c5694aa8,3-Y20,3-Y20,LONGITUDINAL_BAR,UNKNOWN,3-Y20,3,EXPLICIT,ANNOTATION_TEXT,Y20,20.0,,,,,,COUNT,1,"[{'q': 3, 'd': 20.0, 'expr': '3-Y20'}]",0.9,PASS,,True,LDR::6D136EAC,,,,BarCallout
QI::B128::ANN-5ffa56ad,B128,ANN-5ffa56ad,5-Y20,5-Y20,LONGITUDINAL_BAR,UNKNOWN,5-Y20,5,EXPLICIT,ANNOTATION_TEXT,Y20,20.0,,,,,,COUNT,1,"[{'q': 5, 'd': 20.0, 'expr': '5-Y20'}]",0.9,PASS,,True,LDR::2933C8A8,,,,BarCallout
QI::B128::ANN-7ac07312,B128,ANN-7ac07312,5-Y25,5-Y25,LONGITUDINAL_BAR,UNKNOWN,5-Y25,5,EXPLICIT,ANNOTATION_TEXT,Y25,25.0,,,,,,COUNT,1,"[{'q': 5, 'd': 25.0, 'expr': '5-Y25'}]",0.9,PASS,,True,LDR::A69A4A2C,,,,BarCallout
QI::B128::ANN-7d45698a,B128,ANN-7d45698a,5L-Y12@100C/C,5L-Y12@100C/C,STIRRUP,STIRRUP,5L-Y12@100C/C,,SPACING_BASED,STIRRUP_PATTERN,Y12,12.0,100,100.0,100,5L,5,SPACING_MM,0,[],0.99,PASS,,True,LDR::A69A4A2C,,,,StirrupNote
QI::B128::ANN-d1229b68,B128,ANN-d1229b68,3-Y20,3-Y20,LONGITUDINAL_BAR,UNKNOWN,3-Y20,3,EXPLICIT,ANNOTATION_TEXT,Y20,20.0,,,,,,COUNT,1,"[{'q': 3, 'd': 20.0, 'expr': '3-Y20'}]",0.9,PASS,,True,LDR::83AAC1BF,,,,BarCallout
QI::B129::ANN-2274c8c2,B129,ANN-2274c8c2,2-Y16,2-Y16,LONGITUDINAL_BAR,UNKNOWN,2-Y16,2,EXPLICIT,ANNOTATION_TEXT,Y16,16.0,,,,,,COUNT,1,"[{'q': 2, 'd': 16.0, 'expr': '2-Y16'}]",0.9,PASS,,True,LDR::210B4209,,,,BarCallout
QI::B129::ANN-7aec78cb,B129,ANN-7aec78cb,4L-Y12@\X100C/C,4L-Y12@\X100C/C,STIRRUP,STIRRUP,4L-Y12@\X100C/C,,UNRESOLVED,STIRRUP_PATTERN,,,,,,,,COUNT,0,[],0.65,PASS,,True,LDR::210B4209,,,,StirrupNote
QI::B129::ANN-93d94c14,B129,ANN-93d94c14,4-Y20,4-Y20,LONGITUDINAL_BAR,UNKNOWN,4-Y20,4,EXPLICIT,ANNOTATION_TEXT,Y20,20.0,,,,,,COUNT,1,"[{'q': 4, 'd': 20.0, 'expr': '4-Y20'}]",0.9,PASS,,True,LDR::B7F51690,,,,BarCallout
QI::B130::ANN-5c9dfa36,B130,ANN-5c9dfa36,4L-Y10@\X100C/C,4L-Y10@\X100C/C,STIRRUP,STIRRUP,4L-Y10@\X100C/C,,UNRESOLVED,STIRRUP_PATTERN,,,,,,,,COUNT,0,[],0.65,PASS,,True,LDR::E392283B,,,,StirrupNote
QI::B130::ANN-a6229e18,B130,ANN-a6229e18,4-Y25,4-Y25,LONGITUDINAL_BAR,UNKNOWN,4-Y25,4,EXPLICIT,ANNOTATION_TEXT,Y25,25.0,,,,,,COUNT,1,"[{'q': 4, 'd': 25.0, 'expr': '4-Y25'}]",0.9,PASS,,True,LDR::90EEC91C,,,,BarCallout
QI::B130::ANN-fb2087ef,B130,ANN-fb2087ef,4-Y25,4-Y25,LONGITUDINAL_BAR,UNKNOWN,4-Y25,4,EXPLICIT,ANNOTATION_TEXT,Y25,25.0,,,,,,COUNT,1,"[{'q': 4, 'd': 25.0, 'expr': '4-Y25'}]",0.9,PASS,,True,LDR::E392283B,,,,BarCallout
QI::B133::ANN-36772bbf,B133,ANN-36772bbf,5-Y20,5-Y20,LONGITUDINAL_BAR,UNKNOWN,5-Y20,5,EXPLICIT,ANNOTATION_TEXT,Y20,20.0,,,,,,COUNT,1,"[{'q': 5, 'd': 20.0, 'expr': '5-Y20'}]",0.9,PASS,,True,LDR::12AD900D,,,,BarCallout
QI::B133::ANN-3c28c21d,B133,ANN-3c28c21d,2-Y16,2-Y16,LONGITUDINAL_BAR,UNKNOWN,2-Y16,2,EXPLICIT,ANNOTATION_TEXT,Y16,16.0,,,,,,COUNT,1,"[{'q': 2, 'd': 16.0, 'expr': '2-Y16'}]",0.9,PASS,,True,LDR::3D346C12,,,,BarCallout
QI::B133::ANN-539e6c5f,B133,ANN-539e6c5f,4L-Y8@100/125/100C/C,4L-Y8@100/125/100C/C,STIRRUP,STIRRUP,4L-Y8@100/125/100C/C,,SPACING_BASED,STIRRUP_PATTERN,Y8,8.0,100/125/100,,100|125|100,4L,4,SPACING_MM,0,[],0.99,PASS,,True,LDR::12AD900D,,,,StirrupNote
QI::B133A::ANN-22103cdc,B133A,ANN-22103cdc,3-Y25,3-Y25,LONGITUDINAL_BAR,UNKNOWN,3-Y25,3,EXPLICIT,ANNOTATION_TEXT,Y25,25.0,,,,,,COUNT,1,"[{'q': 3, 'd': 25.0, 'expr': '3-Y25'}]",0.9,PASS,,True,LDR::0F6BE89A,,,,BarCallout
QI::B133A::ANN-4f8e4022,B133A,ANN-4f8e4022,3L-Y10@100/175/100C/C,3L-Y10@100/175/100C/C,STIRRUP,STIRRUP,3L-Y10@100/175/100C/C,,SPACING_BASED,STIRRUP_PATTERN,Y10,10.0,100/175/100,,100|175|100,3L,3,SPACING_MM,0,[],0.99,PASS,,True,,,,,StirrupNote
QI::B133A::ANN-e5f45d29,B133A,ANN-e5f45d29,2-Y16,2-Y16,LONGITUDINAL_BAR,UNKNOWN,2-Y16,2,EXPLICIT,ANNOTATION_TEXT,Y16,16.0,,,,,,COUNT,1,"[{'q': 2, 'd': 16.0, 'expr': '2-Y16'}]",0.9,PASS,,True,LDR::C3A5C932,,,,BarCallout
QI::B134::ANN-8d177bc6,B134,ANN-8d177bc6,4L-Y8@100/125/100C/C,4L-Y8@100/125/100C/C,STIRRUP,STIRRUP,4L-Y8@100/125/100C/C,,SPACING_BASED,STIRRUP_PATTERN,Y8,8.0,100/125/100,,100|125|100,4L,4,SPACING_MM,0,[],0.99,PASS,,True,LDR::A9283BFB,,,,StirrupNote
QI::B134::ANN-92cdfb99,B134,ANN-92cdfb99,3-Y20,3-Y20,LONGITUDINAL_BAR,UNKNOWN,3-Y20,3,EXPLICIT,ANNOTATION_TEXT,Y20,20.0,,,,,,COUNT,1,"[{'q': 3, 'd': 20.0, 'expr': '3-Y20'}]",0.9,PASS,,True,LDR::44D9B105,,,,BarCallout
QI::B134::ANN-da8ba35e,B134,ANN-da8ba35e,3-Y20,3-Y20,LONGITUDINAL_BAR,UNKNOWN,3-Y20,3,EXPLICIT,ANNOTATION_TEXT,Y20,20.0,,,,,,COUNT,1,"[{'q': 3, 'd': 20.0, 'expr': '3-Y20'}]",0.9,PASS,,True,LDR::A9283BFB,,,,BarCallout
QI::B134A::ANN-257f6cd3,B134A,ANN-257f6cd3,4-Y20,4-Y20,LONGITUDINAL_BAR,UNKNOWN,4-Y20,4,EXPLICIT,ANNOTATION_TEXT,Y20,20.0,,,,,,COUNT,1,"[{'q': 4, 'd': 20.0, 'expr': '4-Y20'}]",0.9,PASS,,True,LDR::A825041D,,,,BarCallout
QI::B134A::ANN-84f13ade,B134A,ANN-84f13ade,4-Y20,4-Y20,LONGITUDINAL_BAR,UNKNOWN,4-Y20,4,EXPLICIT,ANNOTATION_TEXT,Y20,20.0,,,,,,COUNT,1,"[{'q': 4, 'd': 20.0, 'expr': '4-Y20'}]",0.9,PASS,,True,LDR::2C0FB2EE,,,,BarCallout
QI::B134A::ANN-876c56c7,B134A,ANN-876c56c7,4-Y20,4-Y20,LONGITUDINAL_BAR,UNKNOWN,4-Y20,4,EXPLICIT,ANNOTATION_TEXT,Y20,20.0,,,,,,COUNT,1,"[{'q': 4, 'd': 20.0, 'expr': '4-Y20'}]",0.9,PASS,,True,LDR::943382A2,,,,BarCallout
QI::B134A::ANN-8ec13e05,B134A,ANN-8ec13e05,4L-Y10@100/125/100C/C,4L-Y10@100/125/100C/C,STIRRUP,STIRRUP,4L-Y10@100/125/100C/C,,SPACING_BASED,STIRRUP_PATTERN,Y10,10.0,100/125/100,,100|125|100,4L,4,SPACING_MM,0,[],0.99,PASS,,True,LDR::943382A2,,,,StirrupNote
QI::B134A::ANN-fc646ee1,B134A,ANN-fc646ee1,4-Y16,4-Y16,LONGITUDINAL_BAR,UNKNOWN,4-Y16,4,EXPLICIT,ANNOTATION_TEXT,Y16,16.0,,,,,,COUNT,1,"[{'q': 4, 'd': 16.0, 'expr': '4-Y16'}]",0.9,PASS,,True,,,,,BarCallout
QI::B135::ANN-4d4a80b4,B135,ANN-4d4a80b4,5-Y20,5-Y20,LONGITUDINAL_BAR,UNKNOWN,5-Y20,5,EXPLICIT,ANNOTATION_TEXT,Y20,20.0,,,,,,COUNT,1,"[{'q': 5, 'd': 20.0, 'expr': '5-Y20'}]",0.9,PASS,,True,LDR::1DF008FA,,,,BarCallout
QI::B135::ANN-94d2ff7a,B135,ANN-94d2ff7a,3-Y20,3-Y20,LONGITUDINAL_BAR,UNKNOWN,3-Y20,3,EXPLICIT,ANNOTATION_TEXT,Y20,20.0,,,,,,COUNT,1,"[{'q': 3, 'd': 20.0, 'expr': '3-Y20'}]",0.9,PASS,,True,,,,,BarCallout
QI::B135A::ANN-1bac51e8,B135A,ANN-1bac51e8,4-Y20,4-Y20,LONGITUDINAL_BAR,UNKNOWN,4-Y20,4,EXPLICIT,ANNOTATION_TEXT,Y20,20.0,,,,,,COUNT,1,"[{'q': 4, 'd': 20.0, 'expr': '4-Y20'}]",0.9,PASS,,True,LDR::3D07672F,,,,BarCallout
QI::B135A::ANN-fea851b0,B135A,ANN-fea851b0,4L-Y8@100C/C,4L-Y8@100C/C,STIRRUP,STIRRUP,4L-Y8@100C/C,,SPACING_BASED,STIRRUP_PATTERN,Y8,8.0,100,100.0,100,4L,4,SPACING_MM,0,[],0.99,PASS,,True,LDR::3D07672F,,,,StirrupNote
QI::B136::ANN-499059d4,B136,ANN-499059d4,4L-Y10@100/150/100C/C,4L-Y10@100/150/100C/C,STIRRUP,STIRRUP,4L-Y10@100/150/100C/C,,SPACING_BASED,STIRRUP_PATTERN,Y10,10.0,100/150/100,,100|150|100,4L,4,SPACING_MM,0,[],0.99,PASS,,True,,,,,StirrupNote
QI::B136::ANN-7f09036b,B136,ANN-7f09036b,6-Y20,6-Y20,LONGITUDINAL_BAR,UNKNOWN,6-Y20,6,EXPLICIT,ANNOTATION_TEXT,Y20,20.0,,,,,,COUNT,1,"[{'q': 6, 'd': 20.0, 'expr': '6-Y20'}]",0.9,PASS,,True,LDR::706BCF79,,,,BarCallout
QI::B136::ANN-d552dc04,B136,ANN-d552dc04,6-Y20,6-Y20,LONGITUDINAL_BAR,UNKNOWN,6-Y20,6,EXPLICIT,ANNOTATION_TEXT,Y20,20.0,,,,,,COUNT,1,"[{'q': 6, 'd': 20.0, 'expr': '6-Y20'}]",0.9,PASS,,True,LDR::C6C8E1FF,,,,BarCallout
QI::B139::ANN-211806ab,B139,ANN-211806ab,2L-Y8@\X100C/C,2L-Y8@\X100C/C,STIRRUP,STIRRUP,2L-Y8@\X100C/C,,UNRESOLVED,STIRRUP_PATTERN,,,,,,,,COUNT,0,[],0.65,PASS,,True,LDR::C3F452ED,,,,StirrupNote
QI::B139::ANN-5aeee7ce,B139,ANN-5aeee7ce,5-Y20,5-Y20,LONGITUDINAL_BAR,UNKNOWN,5-Y20,5,EXPLICIT,ANNOTATION_TEXT,Y20,20.0,,,,,,COUNT,1,"[{'q': 5, 'd': 20.0, 'expr': '5-Y20'}]",0.9,PASS,,True,LDR::C3F452ED,,,,BarCallout
QI::B139::ANN-88dd3ec4,B139,ANN-88dd3ec4,5-Y16,5-Y16,LONGITUDINAL_BAR,UNKNOWN,5-Y16,5,EXPLICIT,ANNOTATION_TEXT,Y16,16.0,,,,,,COUNT,1,"[{'q': 5, 'd': 16.0, 'expr': '5-Y16'}]",0.9,PASS,,True,LDR::D701E26D,,,,BarCallout
QI::B14::ANN-0be09012,B14,ANN-0be09012,4L-Y10@100/175/100C/C,4L-Y10@100/175/100C/C,STIRRUP,STIRRUP,4L-Y10@100/175/100C/C,,SPACING_BASED,STIRRUP_PATTERN,Y10,10.0,100/175/100,,100|175|100,4L,4,SPACING_MM,0,[],0.99,PASS,,True,,,,,StirrupNote
QI::B14::ANN-20d5a28b,B14,ANN-20d5a28b,2-Y12,2-Y12,LONGITUDINAL_BAR,UNKNOWN,2-Y12,2,EXPLICIT,ANNOTATION_TEXT,Y12,12.0,,,,,,COUNT,1,"[{'q': 2, 'd': 12.0, 'expr': '2-Y12'}]",0.9,PASS,,True,LDR::CBE9B827,,,,BarCallout
QI::B14::ANN-5666d987,B14,ANN-5666d987,2-Y16,2-Y16,LONGITUDINAL_BAR,UNKNOWN,2-Y16,2,EXPLICIT,ANNOTATION_TEXT,Y16,16.0,,,,,,COUNT,1,"[{'q': 2, 'd': 16.0, 'expr': '2-Y16'}]",0.9,PASS,,True,LDR::2186B616,,,,BarCallout
QI::B14::ANN-81e0d3bd,B14,ANN-81e0d3bd,4-Y20,4-Y20,LONGITUDINAL_BAR,UNKNOWN,4-Y20,4,EXPLICIT,ANNOTATION_TEXT,Y20,20.0,,,,,,COUNT,1,"[{'q': 4, 'd': 20.0, 'expr': '4-Y20'}]",0.9,PASS,,True,LDR::1CF838FB,,,,BarCallout
QI::B14::ANN-b3f25b87,B14,ANN-b3f25b87,2-Y16,2-Y16,LONGITUDINAL_BAR,UNKNOWN,2-Y16,2,EXPLICIT,ANNOTATION_TEXT,Y16,16.0,,,,,,COUNT,1,"[{'q': 2, 'd': 16.0, 'expr': '2-Y16'}]",0.9,PASS,,True,LDR::A259ED67,,,,BarCallout
QI::B14::ANN-d8745bb5,B14,ANN-d8745bb5,4-Y20,4-Y20,LONGITUDINAL_BAR,UNKNOWN,4-Y20,4,EXPLICIT,ANNOTATION_TEXT,Y20,20.0,,,,,,COUNT,1,"[{'q': 4, 'd': 20.0, 'expr': '4-Y20'}]",0.9,PASS,,True,LDR::498FFA19,,,,BarCallout
QI::B140::ANN-8ab19145,B140,ANN-8ab19145,3-Y25,3-Y25,LONGITUDINAL_BAR,UNKNOWN,3-Y25,3,EXPLICIT,ANNOTATION_TEXT,Y25,25.0,,,,,,COUNT,1,"[{'q': 3, 'd': 25.0, 'expr': '3-Y25'}]",0.9,PASS,,True,LDR::9D94E0C9,,,,BarCallout
QI::B140::ANN-a14bf585,B140,ANN-a14bf585,3L-Y10@100C/C,3L-Y10@100C/C,STIRRUP,STIRRUP,3L-Y10@100C/C,,SPACING_BASED,STIRRUP_PATTERN,Y10,10.0,100,100.0,100,3L,3,SPACING_MM,0,[],0.99,PASS,,True,LDR::9D94E0C9,,,,StirrupNote
QI::B141::ANN-2adb0aed,B141,ANN-2adb0aed,5-Y16,5-Y16,LONGITUDINAL_BAR,UNKNOWN,5-Y16,5,EXPLICIT,ANNOTATION_TEXT,Y16,16.0,,,,,,COUNT,1,"[{'q': 5, 'd': 16.0, 'expr': '5-Y16'}]",0.9,PASS,,True,LDR::4CA3EC48,,,,BarCallout
QI::B141::ANN-2f359490,B141,ANN-2f359490,4L-Y8@\X100C/C,4L-Y8@\X100C/C,STIRRUP,STIRRUP,4L-Y8@\X100C/C,,UNRESOLVED,STIRRUP_PATTERN,,,,,,,,COUNT,0,[],0.65,PASS,,True,LDR::4CA3EC48,,,,StirrupNote
QI::B142::ANN-9f09fbe4,B142,ANN-9f09fbe4,4-Y16,4-Y16,LONGITUDINAL_BAR,UNKNOWN,4-Y16,4,EXPLICIT,ANNOTATION_TEXT,Y16,16.0,,,,,,COUNT,1,"[{'q': 4, 'd': 16.0, 'expr': '4-Y16'}]",0.9,PASS,,True,LDR::D7F0B608,,,,BarCallout
QI::B142::ANN-c87aac1e,B142,ANN-c87aac1e,4-Y16,4-Y16,LONGITUDINAL_BAR,UNKNOWN,4-Y16,4,EXPLICIT,ANNOTATION_TEXT,Y16,16.0,,,,,,COUNT,1,"[{'q': 4, 'd': 16.0, 'expr': '4-Y16'}]",0.9,PASS,,True,LDR::7F18573F,,,,BarCallout
QI::B142::ANN-d4d1251b,B142,ANN-d4d1251b,2L-Y8@\X100C/C,2L-Y8@\X100C/C,STIRRUP,STIRRUP,2L-Y8@\X100C/C,,UNRESOLVED,STIRRUP_PATTERN,,,,,,,,COUNT,0,[],0.65,PASS,,True,LDR::D7F0B608,,,,StirrupNote
QI::B143::ANN-260f3267,B143,ANN-260f3267,2L-Y8@100/150/100C/C,2L-Y8@100/150/100C/C,STIRRUP,STIRRUP,2L-Y8@100/150/100C/C,,SPACING_BASED,STIRRUP_PATTERN,Y8,8.0,100/150/100,,100|150|100,2L,2,SPACING_MM,0,[],0.99,PASS,,True,LDR::BA386B72,,,,StirrupNote
QI::B143::ANN-b07af122,B143,ANN-b07af122,4-Y20,4-Y20,LONGITUDINAL_BAR,UNKNOWN,4-Y20,4,EXPLICIT,ANNOTATION_TEXT,Y20,20.0,,,,,,COUNT,1,"[{'q': 4, 'd': 20.0, 'expr': '4-Y20'}]",0.9,PASS,,True,LDR::BA386B72,,,,BarCallout
QI::B143::ANN-f8e9d15b,B143,ANN-f8e9d15b,3L-Y10@\X100C/C,3L-Y10@\X100C/C,STIRRUP,STIRRUP,3L-Y10@\X100C/C,,UNRESOLVED,STIRRUP_PATTERN,,,,,,,,COUNT,0,[],0.65,PASS,,True,LDR::95DCFB8D,,,,StirrupNote
QI::B143::ANN-fe43656d,B143,ANN-fe43656d,2-Y12,2-Y12,LONGITUDINAL_BAR,UNKNOWN,2-Y12,2,EXPLICIT,ANNOTATION_TEXT,Y12,12.0,,,,,,COUNT,1,"[{'q': 2, 'd': 12.0, 'expr': '2-Y12'}]",0.9,PASS,,True,LDR::A56CE670,,,,BarCallout
QI::B144::ANN-48d936a3,B144,ANN-48d936a3,3L-Y12@\X100C/C,3L-Y12@\X100C/C,STIRRUP,STIRRUP,3L-Y12@\X100C/C,,UNRESOLVED,STIRRUP_PATTERN,,,,,,,,COUNT,0,[],0.65,PASS,,True,LDR::D3667B61,,,,StirrupNote
QI::B144::ANN-d631ac8a,B144,ANN-d631ac8a,3-Y25,3-Y25,LONGITUDINAL_BAR,UNKNOWN,3-Y25,3,EXPLICIT,ANNOTATION_TEXT,Y25,25.0,,,,,,COUNT,1,"[{'q': 3, 'd': 25.0, 'expr': '3-Y25'}]",0.9,PASS,,True,LDR::D3667B61,,,,BarCallout
QI::B145::ANN-21e8dc49,B145,ANN-21e8dc49,4-Y16,4-Y16,LONGITUDINAL_BAR,UNKNOWN,4-Y16,4,EXPLICIT,ANNOTATION_TEXT,Y16,16.0,,,,,,COUNT,1,"[{'q': 4, 'd': 16.0, 'expr': '4-Y16'}]",0.9,PASS,,True,LDR::577823CA,OWN::B145::11D4C54,,,BarCallout
QI::B147::ANN-b03c8351,B147,ANN-b03c8351,4-Y16,4-Y16,LONGITUDINAL_BAR,UNKNOWN,4-Y16,4,EXPLICIT,ANNOTATION_TEXT,Y16,16.0,,,,,,COUNT,1,"[{'q': 4, 'd': 16.0, 'expr': '4-Y16'}]",0.9,PASS,,True,LDR::4A00BF59,,,,BarCallout
QI::B148::ANN-1bfae9c9,B148,ANN-1bfae9c9,4-Y20,4-Y20,LONGITUDINAL_BAR,UNKNOWN,4-Y20,4,EXPLICIT,ANNOTATION_TEXT,Y20,20.0,,,,,,COUNT,1,"[{'q': 4, 'd': 20.0, 'expr': '4-Y20'}]",0.9,PASS,,True,LDR::ECF76656,,,,BarCallout
QI::B148::ANN-ac76c1cf,B148,ANN-ac76c1cf,4-Y20,4-Y20,LONGITUDINAL_BAR,UNKNOWN,4-Y20,4,EXPLICIT,ANNOTATION_TEXT,Y20,20.0,,,,,,COUNT,1,"[{'q': 4, 'd': 20.0, 'expr': '4-Y20'}]",0.9,PASS,,True,LDR::6BC17CC9,,,,BarCallout
QI::B148::ANN-afe2e48b,B148,ANN-afe2e48b,4L-Y12@100C/C,4L-Y12@100C/C,STIRRUP,STIRRUP,4L-Y12@100C/C,,SPACING_BASED,STIRRUP_PATTERN,Y12,12.0,100,100.0,100,4L,4,SPACING_MM,0,[],0.99,PASS,,True,LDR::326E5698,,,,StirrupNote
QI::B149::ANN-1018b70d,B149,ANN-1018b70d,2L-Y8@100C/C,2L-Y8@100C/C,STIRRUP,STIRRUP,2L-Y8@100C/C,,SPACING_BASED,STIRRUP_PATTERN,Y8,8.0,100,100.0,100,2L,2,SPACING_MM,0,[],0.99,PASS,,True,LDR::7A422ADC,OWN::B149::11D4976,,,StirrupNote
QI::B149::ANN-798293c2,B149,ANN-798293c2,5-Y20,5-Y20,LONGITUDINAL_BAR,UNKNOWN,5-Y20,5,EXPLICIT,ANNOTATION_TEXT,Y20,20.0,,,,,,COUNT,1,"[{'q': 5, 'd': 20.0, 'expr': '5-Y20'}]",0.9,PASS,,True,LDR::D591C84B,OWN::B149::11D4975,,,BarCallout
QI::B149::ANN-e7df8c98,B149,ANN-e7df8c98,5-Y20,5-Y20,LONGITUDINAL_BAR,UNKNOWN,5-Y20,5,EXPLICIT,ANNOTATION_TEXT,Y20,20.0,,,,,,COUNT,1,"[{'q': 5, 'd': 20.0, 'expr': '5-Y20'}]",0.9,PASS,,True,LDR::7A422ADC,OWN::B149::11D4976,,,BarCallout
QI::B15::ANN-4e752e62,B15,ANN-4e752e62,4-Y20,4-Y20,LONGITUDINAL_BAR,UNKNOWN,4-Y20,4,EXPLICIT,ANNOTATION_TEXT,Y20,20.0,,,,,,COUNT,1,"[{'q': 4, 'd': 20.0, 'expr': '4-Y20'}]",0.9,PASS,,True,LDR::4A5B63BC,,,,BarCallout
QI::B15::ANN-73b173f0,B15,ANN-73b173f0,2-Y12,2-Y12,LONGITUDINAL_BAR,UNKNOWN,2-Y12,2,EXPLICIT,ANNOTATION_TEXT,Y12,12.0,,,,,,COUNT,1,"[{'q': 2, 'd': 12.0, 'expr': '2-Y12'}]",0.9,PASS,,True,LDR::90E69991,,,,BarCallout
QI::B15::ANN-901151f3,B15,ANN-901151f3,4L-Y8@100/125/100C/C,4L-Y8@100/125/100C/C,STIRRUP,STIRRUP,4L-Y8@100/125/100C/C,,SPACING_BASED,STIRRUP_PATTERN,Y8,8.0,100/125/100,,100|125|100,4L,4,SPACING_MM,0,[],0.99,PASS,,True,,,,,StirrupNote
QI::B150::ANN-1357090a,B150,ANN-1357090a,2L-Y8@100C/C,2L-Y8@100C/C,STIRRUP,STIRRUP,2L-Y8@100C/C,,SPACING_BASED,STIRRUP_PATTERN,Y8,8.0,100,100.0,100,2L,2,SPACING_MM,0,[],0.99,PASS,,True,LDR::654B20EF,,,,StirrupNote
QI::B150::ANN-392c487c,B150,ANN-392c487c,4-Y16,4-Y16,LONGITUDINAL_BAR,UNKNOWN,4-Y16,4,EXPLICIT,ANNOTATION_TEXT,Y16,16.0,,,,,,COUNT,1,"[{'q': 4, 'd': 16.0, 'expr': '4-Y16'}]",0.9,PASS,,True,LDR::654B20EF,,,,BarCallout
QI::B152::ANN-5c37a9e9,B152,ANN-5c37a9e9,5-Y20,5-Y20,LONGITUDINAL_BAR,UNKNOWN,5-Y20,5,EXPLICIT,ANNOTATION_TEXT,Y20,20.0,,,,,,COUNT,1,"[{'q': 5, 'd': 20.0, 'expr': '5-Y20'}]",0.9,PASS,,True,,,,,BarCallout
QI::B152::ANN-684ca8d6,B152,ANN-684ca8d6,5-Y20,5-Y20,LONGITUDINAL_BAR,UNKNOWN,5-Y20,5,EXPLICIT,ANNOTATION_TEXT,Y20,20.0,,,,,,COUNT,1,"[{'q': 5, 'd': 20.0, 'expr': '5-Y20'}]",0.9,PASS,,True,LDR::EC384BA6,,,,BarCallout
QI::B152::ANN-f6048aea,B152,ANN-f6048aea,5-Y20,5-Y20,LONGITUDINAL_BAR,UNKNOWN,5-Y20,5,EXPLICIT,ANNOTATION_TEXT,Y20,20.0,,,,,,COUNT,1,"[{'q': 5, 'd': 20.0, 'expr': '5-Y20'}]",0.9,PASS,,True,LDR::96865685,,,,BarCallout
QI::B153::ANN-45bd742e,B153,ANN-45bd742e,2L-Y8@100/200/100C/C,2L-Y8@100/200/100C/C,STIRRUP,STIRRUP,2L-Y8@100/200/100C/C,,SPACING_BASED,STIRRUP_PATTERN,Y8,8.0,100/200/100,,100|200|100,2L,2,SPACING_MM,0,[],0.99,PASS,,True,LDR::DE6DB2F3,,,,StirrupNote
QI::B153::ANN-925a1f93,B153,ANN-925a1f93,3-Y16,3-Y16,LONGITUDINAL_BAR,UNKNOWN,3-Y16,3,EXPLICIT,ANNOTATION_TEXT,Y16,16.0,,,,,,COUNT,1,"[{'q': 3, 'd': 16.0, 'expr': '3-Y16'}]",0.9,PASS,,True,LDR::DE6DB2F3,,,,BarCallout
QI::B154::ANN-01ac3fb3,B154,ANN-01ac3fb3,3L-Y10@100C/C,3L-Y10@100C/C,STIRRUP,STIRRUP,3L-Y10@100C/C,,SPACING_BASED,STIRRUP_PATTERN,Y10,10.0,100,100.0,100,3L,3,SPACING_MM,0,[],0.99,PASS,,True,LDR::247393B2,,,,StirrupNote
QI::B154::ANN-3f5261e9,B154,ANN-3f5261e9,3-Y20,3-Y20,LONGITUDINAL_BAR,UNKNOWN,3-Y20,3,EXPLICIT,ANNOTATION_TEXT,Y20,20.0,,,,,,COUNT,1,"[{'q': 3, 'd': 20.0, 'expr': '3-Y20'}]",0.9,PASS,,True,LDR::247393B2,,,,BarCallout
QI::B154::ANN-cc8bc394,B154,ANN-cc8bc394,3-Y20,3-Y20,LONGITUDINAL_BAR,UNKNOWN,3-Y20,3,EXPLICIT,ANNOTATION_TEXT,Y20,20.0,,,,,,COUNT,1,"[{'q': 3, 'd': 20.0, 'expr': '3-Y20'}]",0.9,PASS,,True,LDR::B0522641,,,,BarCallout
QI::B156::ANN-1a870e4c,B156,ANN-1a870e4c,3L-Y10@100/150/100C/C,3L-Y10@100/150/100C/C,STIRRUP,STIRRUP,3L-Y10@100/150/100C/C,,SPACING_BASED,STIRRUP_PATTERN,Y10,10.0,100/150/100,,100|150|100,3L,3,SPACING_MM,0,[],0.99,PASS,,True,LDR::80810B8E,,,,StirrupNote
QI::B156::ANN-7f19396f,B156,ANN-7f19396f,3-Y25,3-Y25,LONGITUDINAL_BAR,UNKNOWN,3-Y25,3,EXPLICIT,ANNOTATION_TEXT,Y25,25.0,,,,,,COUNT,1,"[{'q': 3, 'd': 25.0, 'expr': '3-Y25'}]",0.9,PASS,,True,LDR::80810B8E,,,,BarCallout
QI::B156::ANN-9e64e01e,B156,ANN-9e64e01e,3-Y25,3-Y25,LONGITUDINAL_BAR,UNKNOWN,3-Y25,3,EXPLICIT,ANNOTATION_TEXT,Y25,25.0,,,,,,COUNT,1,"[{'q': 3, 'd': 25.0, 'expr': '3-Y25'}]",0.9,PASS,,True,LDR::EABAF387,,,,BarCallout
QI::B159::ANN-b2d0804e,B159,ANN-b2d0804e,3L-Y12@100C/C,3L-Y12@100C/C,STIRRUP,STIRRUP,3L-Y12@100C/C,,SPACING_BASED,STIRRUP_PATTERN,Y12,12.0,100,100.0,100,3L,3,SPACING_MM,0,[],0.99,PASS,,True,LDR::61CE4DCF,,,,StirrupNote
QI::B159::ANN-e0a652c7,B159,ANN-e0a652c7,5-Y20,5-Y20,LONGITUDINAL_BAR,UNKNOWN,5-Y20,5,EXPLICIT,ANNOTATION_TEXT,Y20,20.0,,,,,,COUNT,1,"[{'q': 5, 'd': 20.0, 'expr': '5-Y20'}]",0.9,PASS,,True,LDR::61CE4DCF,,,,BarCallout
QI::B16::ANN-1cf3db34,B16,ANN-1cf3db34,2-Y16,2-Y16,LONGITUDINAL_BAR,UNKNOWN,2-Y16,2,EXPLICIT,ANNOTATION_TEXT,Y16,16.0,,,,,,COUNT,1,"[{'q': 2, 'd': 16.0, 'expr': '2-Y16'}]",0.9,PASS,,True,LDR::29CF4AA9,,,,BarCallout
QI::B16::ANN-35356230,B16,ANN-35356230,4-Y20,4-Y20,LONGITUDINAL_BAR,UNKNOWN,4-Y20,4,EXPLICIT,ANNOTATION_TEXT,Y20,20.0,,,,,,COUNT,1,"[{'q': 4, 'd': 20.0, 'expr': '4-Y20'}]",0.9,PASS,,True,LDR::4039A8C7,,,,BarCallout
QI::B16::ANN-62d4cbc2,B16,ANN-62d4cbc2,2-Y16+2-Y20,2-Y16+2-Y20,LONGITUDINAL_BAR,UNKNOWN,2-Y16+2-Y20,,COMPOSITE,ANNOTATION_TEXT,,,,,,,,COUNT,2,"[{'q': 2, 'd': 16.0, 'expr': '2-Y16'}, {'q': 2, 'd': 20.0, 'expr': '2-Y20'}]",0.9,PASS,,True,LDR::7A1FFD68,,,,BarCallout
QI::B16::ANN-68ad8e27,B16,ANN-68ad8e27,4L-Y10@100C/C,4L-Y10@100C/C,STIRRUP,STIRRUP,4L-Y10@100C/C,,SPACING_BASED,STIRRUP_PATTERN,Y10,10.0,100,100.0,100,4L,4,SPACING_MM,0,[],0.99,PASS,,True,,,,,StirrupNote
QI::B16::ANN-6a79ec36,B16,ANN-6a79ec36,2-Y12,2-Y12,LONGITUDINAL_BAR,UNKNOWN,2-Y12,2,EXPLICIT,ANNOTATION_TEXT,Y12,12.0,,,,,,COUNT,1,"[{'q': 2, 'd': 12.0, 'expr': '2-Y12'}]",0.9,PASS,,True,LDR::B76F460B,,,,BarCallout
QI::B16::ANN-dae3dcf8,B16,ANN-dae3dcf8,4-Y20,4-Y20,LONGITUDINAL_BAR,UNKNOWN,4-Y20,4,EXPLICIT,ANNOTATION_TEXT,Y20,20.0,,,,,,COUNT,1,"[{'q': 4, 'd': 20.0, 'expr': '4-Y20'}]",0.9,PASS,,True,LDR::50D0A609,,,,BarCallout
QI::B161::ANN-6d2a9dab,B161,ANN-6d2a9dab,3-Y16,3-Y16,LONGITUDINAL_BAR,UNKNOWN,3-Y16,3,EXPLICIT,ANNOTATION_TEXT,Y16,16.0,,,,,,COUNT,1,"[{'q': 3, 'd': 16.0, 'expr': '3-Y16'}]",0.9,PASS,,True,LDR::A483A2A0,,,,BarCallout
QI::B161::ANN-9734f438,B161,ANN-9734f438,3-Y20,3-Y20,LONGITUDINAL_BAR,UNKNOWN,3-Y20,3,EXPLICIT,ANNOTATION_TEXT,Y20,20.0,,,,,,COUNT,1,"[{'q': 3, 'd': 20.0, 'expr': '3-Y20'}]",0.9,PASS,,True,LDR::C7959940,,,,BarCallout
QI::B161::ANN-99af2455,B161,ANN-99af2455,3-Y20,3-Y20,LONGITUDINAL_BAR,UNKNOWN,3-Y20,3,EXPLICIT,ANNOTATION_TEXT,Y20,20.0,,,,,,COUNT,1,"[{'q': 3, 'd': 20.0, 'expr': '3-Y20'}]",0.9,PASS,,True,LDR::DCE07305,,,,BarCallout
QI::B164::ANN-c013a79b,B164,ANN-c013a79b,4L-Y10@100/175/100C/C,4L-Y10@100/175/100C/C,STIRRUP,STIRRUP,4L-Y10@100/175/100C/C,,SPACING_BASED,STIRRUP_PATTERN,Y10,10.0,100/175/100,,100|175|100,4L,4,SPACING_MM,0,[],0.99,PASS,,True,,,,,StirrupNote
QI::B164::ANN-f41aac6c,B164,ANN-f41aac6c,4-Y20,4-Y20,LONGITUDINAL_BAR,UNKNOWN,4-Y20,4,EXPLICIT,ANNOTATION_TEXT,Y20,20.0,,,,,,COUNT,1,"[{'q': 4, 'd': 20.0, 'expr': '4-Y20'}]",0.9,PASS,,True,LDR::84E9890F,,,,BarCallout
QI::B165::ANN-1ac5e749,B165,ANN-1ac5e749,4-Y20,4-Y20,LONGITUDINAL_BAR,UNKNOWN,4-Y20,4,EXPLICIT,ANNOTATION_TEXT,Y20,20.0,,,,,,COUNT,1,"[{'q': 4, 'd': 20.0, 'expr': '4-Y20'}]",0.9,PASS,,True,LDR::49D4ABF3,,,,BarCallout
QI::B165::ANN-230682d8,B165,ANN-230682d8,4-Y20,4-Y20,LONGITUDINAL_BAR,UNKNOWN,4-Y20,4,EXPLICIT,ANNOTATION_TEXT,Y20,20.0,,,,,,COUNT,1,"[{'q': 4, 'd': 20.0, 'expr': '4-Y20'}]",0.9,PASS,,True,LDR::700103AD,,,,BarCallout
QI::B165::ANN-76629aa6,B165,ANN-76629aa6,4L-Y12@100C/C,4L-Y12@100C/C,STIRRUP,STIRRUP,4L-Y12@100C/C,,SPACING_BASED,STIRRUP_PATTERN,Y12,12.0,100,100.0,100,4L,4,SPACING_MM,0,[],0.99,PASS,,True,LDR::49D4ABF3,,,,StirrupNote
QI::B165::ANN-c60b74db,B165,ANN-c60b74db,4-Y20,4-Y20,LONGITUDINAL_BAR,UNKNOWN,4-Y20,4,EXPLICIT,ANNOTATION_TEXT,Y20,20.0,,,,,,COUNT,1,"[{'q': 4, 'd': 20.0, 'expr': '4-Y20'}]",0.9,PASS,,True,LDR::6DAEB33F,,,,BarCallout
QI::B165::ANN-ebf927fb,B165,ANN-ebf927fb,4-Y25,4-Y25,LONGITUDINAL_BAR,UNKNOWN,4-Y25,4,EXPLICIT,ANNOTATION_TEXT,Y25,25.0,,,,,,COUNT,1,"[{'q': 4, 'd': 25.0, 'expr': '4-Y25'}]",0.9,PASS,,True,LDR::7F95308D,,,,BarCallout
QI::B166::ANN-13585bdb,B166,ANN-13585bdb,5-Y20,5-Y20,LONGITUDINAL_BAR,UNKNOWN,5-Y20,5,EXPLICIT,ANNOTATION_TEXT,Y20,20.0,,,,,,COUNT,1,"[{'q': 5, 'd': 20.0, 'expr': '5-Y20'}]",0.9,PASS,,True,LDR::6DFF8D6E,,,,BarCallout
QI::B166::ANN-721840b0,B166,ANN-721840b0,5-Y20,5-Y20,LONGITUDINAL_BAR,UNKNOWN,5-Y20,5,EXPLICIT,ANNOTATION_TEXT,Y20,20.0,,,,,,COUNT,1,"[{'q': 5, 'd': 20.0, 'expr': '5-Y20'}]",0.9,PASS,,True,LDR::736757D6,,,,BarCallout
QI::B166::ANN-9ebeca00,B166,ANN-9ebeca00,5-Y16,5-Y16,LONGITUDINAL_BAR,UNKNOWN,5-Y16,5,EXPLICIT,ANNOTATION_TEXT,Y16,16.0,,,,,,COUNT,1,"[{'q': 5, 'd': 16.0, 'expr': '5-Y16'}]",0.9,PASS,,True,LDR::0573C7F7,,,,BarCallout
QI::B166::ANN-bd8e0a12,B166,ANN-bd8e0a12,2-Y16,2-Y16,LONGITUDINAL_BAR,UNKNOWN,2-Y16,2,EXPLICIT,ANNOTATION_TEXT,Y16,16.0,,,,,,COUNT,1,"[{'q': 2, 'd': 16.0, 'expr': '2-Y16'}]",0.9,PASS,,True,LDR::B0A7C065,,,,BarCallout
QI::B166::ANN-c9505462,B166,ANN-c9505462,5-Y16,5-Y16,LONGITUDINAL_BAR,UNKNOWN,5-Y16,5,EXPLICIT,ANNOTATION_TEXT,Y16,16.0,,,,,,COUNT,1,"[{'q': 5, 'd': 16.0, 'expr': '5-Y16'}]",0.9,PASS,,True,,,,,BarCallout
QI::B166::ANN-e5c68504,B166,ANN-e5c68504,3L-Y10@100C/C,3L-Y10@100C/C,STIRRUP,STIRRUP,3L-Y10@100C/C,,SPACING_BASED,STIRRUP_PATTERN,Y10,10.0,100,100.0,100,3L,3,SPACING_MM,0,[],0.99,PASS,,True,,,,,StirrupNote
QI::B168::ANN-04ee806e,B168,ANN-04ee806e,3-Y20,3-Y20,LONGITUDINAL_BAR,UNKNOWN,3-Y20,3,EXPLICIT,ANNOTATION_TEXT,Y20,20.0,,,,,,COUNT,1,"[{'q': 3, 'd': 20.0, 'expr': '3-Y20'}]",0.9,PASS,,True,LDR::4D021CCF,,,,BarCallout
QI::B168::ANN-0d70a6c1,B168,ANN-0d70a6c1,3-Y20,3-Y20,LONGITUDINAL_BAR,UNKNOWN,3-Y20,3,EXPLICIT,ANNOTATION_TEXT,Y20,20.0,,,,,,COUNT,1,"[{'q': 3, 'd': 20.0, 'expr': '3-Y20'}]",0.9,PASS,,True,LDR::5C063C2A,,,,BarCallout
QI::B168::ANN-6786f17c,B168,ANN-6786f17c,3L-Y10@\X100/150/100C/C,3L-Y10@\X100/150/100C/C,STIRRUP,STIRRUP,3L-Y10@\X100/150/100C/C,,UNRESOLVED,STIRRUP_PATTERN,,,,,,,,COUNT,0,[],0.65,PASS,,True,LDR::5C063C2A,,,,StirrupNote
QI::B169::ANN-e20fb9e9,B169,ANN-e20fb9e9,3L-Y10@100C/C,3L-Y10@100C/C,STIRRUP,STIRRUP,3L-Y10@100C/C,,SPACING_BASED,STIRRUP_PATTERN,Y10,10.0,100,100.0,100,3L,3,SPACING_MM,0,[],0.99,PASS,,True,LDR::5D37EAD9,,,,StirrupNote
QI::B169::ANN-ecbb3360,B169,ANN-ecbb3360,3-Y25,3-Y25,LONGITUDINAL_BAR,UNKNOWN,3-Y25,3,EXPLICIT,ANNOTATION_TEXT,Y25,25.0,,,,,,COUNT,1,"[{'q': 3, 'd': 25.0, 'expr': '3-Y25'}]",0.9,PASS,,True,LDR::10A3D1F5,,,,BarCallout
QI::B169::ANN-f452a286,B169,ANN-f452a286,3-Y25,3-Y25,LONGITUDINAL_BAR,UNKNOWN,3-Y25,3,EXPLICIT,ANNOTATION_TEXT,Y25,25.0,,,,,,COUNT,1,"[{'q': 3, 'd': 25.0, 'expr': '3-Y25'}]",0.9,PASS,,True,LDR::5D37EAD9,,,,BarCallout
QI::B17::ANN-05a41462,B17,ANN-05a41462,2L-Y12@\X100C/C,2L-Y12@\X100C/C,STIRRUP,STIRRUP,2L-Y12@\X100C/C,,UNRESOLVED,STIRRUP_PATTERN,,,,,,,,COUNT,0,[],0.65,PASS,,True,,,,,StirrupNote
QI::B17::ANN-a215e97d,B17,ANN-a215e97d,2-Y20,2-Y20,LONGITUDINAL_BAR,UNKNOWN,2-Y20,2,EXPLICIT,ANNOTATION_TEXT,Y20,20.0,,,,,,COUNT,1,"[{'q': 2, 'd': 20.0, 'expr': '2-Y20'}]",0.9,PASS,,True,LDR::202EDD3F,OWN::B17::11C8F39,,,BarCallout
QI::B17::ANN-b8e0a143,B17,ANN-b8e0a143,2-Y16,2-Y16,LONGITUDINAL_BAR,UNKNOWN,2-Y16,2,EXPLICIT,ANNOTATION_TEXT,Y16,16.0,,,,,,COUNT,1,"[{'q': 2, 'd': 16.0, 'expr': '2-Y16'}]",0.9,PASS,,True,LDR::C1F5BE82,OWN::B17::12137D6,,,BarCallout
QI::B17::ANN-fcfcb89f,B17,ANN-fcfcb89f,2-Y20,2-Y20,LONGITUDINAL_BAR,UNKNOWN,2-Y20,2,EXPLICIT,ANNOTATION_TEXT,Y20,20.0,,,,,,COUNT,1,"[{'q': 2, 'd': 20.0, 'expr': '2-Y20'}]",0.9,PASS,,True,LDR::6740BC77,OWN::B17::11C8F37,,,BarCallout
QI::B170::ANN-05e27048,B170,ANN-05e27048,3-Y16,3-Y16,LONGITUDINAL_BAR,UNKNOWN,3-Y16,3,EXPLICIT,ANNOTATION_TEXT,Y16,16.0,,,,,,COUNT,1,"[{'q': 3, 'd': 16.0, 'expr': '3-Y16'}]",0.9,PASS,,True,LDR::94AE3A4D,,,,BarCallout
QI::B170::ANN-895b6107,B170,ANN-895b6107,3L-Y10@100C/C,3L-Y10@100C/C,STIRRUP,STIRRUP,3L-Y10@100C/C,,SPACING_BASED,STIRRUP_PATTERN,Y10,10.0,100,100.0,100,3L,3,SPACING_MM,0,[],0.99,PASS,,True,LDR::0C5459A5,,,,StirrupNote
QI::B170::ANN-d4a7bc97,B170,ANN-d4a7bc97,3-Y16,3-Y16,LONGITUDINAL_BAR,UNKNOWN,3-Y16,3,EXPLICIT,ANNOTATION_TEXT,Y16,16.0,,,,,,COUNT,1,"[{'q': 3, 'd': 16.0, 'expr': '3-Y16'}]",0.9,PASS,,True,LDR::0C5459A5,,,,BarCallout
QI::B173::ANN-3843b86d,B173,ANN-3843b86d,2L-Y8@100C/C,2L-Y8@100C/C,STIRRUP,STIRRUP,2L-Y8@100C/C,,SPACING_BASED,STIRRUP_PATTERN,Y8,8.0,100,100.0,100,2L,2,SPACING_MM,0,[],0.99,PASS,,True,LDR::3A62909D,OWN::B173::11D680F,,,StirrupNote
QI::B173::ANN-571456b8,B173,ANN-571456b8,3-Y16,3-Y16,LONGITUDINAL_BAR,UNKNOWN,3-Y16,3,EXPLICIT,ANNOTATION_TEXT,Y16,16.0,,,,,,COUNT,1,"[{'q': 3, 'd': 16.0, 'expr': '3-Y16'}]",0.9,PASS,,True,LDR::3A62909D,OWN::B173::11D680F,,,BarCallout
QI::B174::ANN-17bcde29,B174,ANN-17bcde29,4-Y16,4-Y16,LONGITUDINAL_BAR,UNKNOWN,4-Y16,4,EXPLICIT,ANNOTATION_TEXT,Y16,16.0,,,,,,COUNT,1,"[{'q': 4, 'd': 16.0, 'expr': '4-Y16'}]",0.9,PASS,,True,LDR::15B66692,OWN::B174::11D6865,,,BarCallout
QI::B174::ANN-6e7baedb,B174,ANN-6e7baedb,4-Y16,4-Y16,LONGITUDINAL_BAR,UNKNOWN,4-Y16,4,EXPLICIT,ANNOTATION_TEXT,Y16,16.0,,,,,,COUNT,1,"[{'q': 4, 'd': 16.0, 'expr': '4-Y16'}]",0.9,PASS,,True,LDR::F792431C,OWN::B174::11D6863,,,BarCallout
QI::B174::ANN-c9cba092,B174,ANN-c9cba092,2L-Y8@100C/C,2L-Y8@100C/C,STIRRUP,STIRRUP,2L-Y8@100C/C,,SPACING_BASED,STIRRUP_PATTERN,Y8,8.0,100,100.0,100,2L,2,SPACING_MM,0,[],0.99,PASS,,True,LDR::15B66692,OWN::B174::11D6865,,,StirrupNote
QI::B175::ANN-25171e3b,B175,ANN-25171e3b,4L-Y12@\X100C/C,4L-Y12@\X100C/C,STIRRUP,STIRRUP,4L-Y12@\X100C/C,,UNRESOLVED,STIRRUP_PATTERN,,,,,,,,COUNT,0,[],0.65,PASS,,True,LDR::3C751AC0,,,,StirrupNote
QI::B176::ANN-3a8e693e,B176,ANN-3a8e693e,5-Y20,5-Y20,LONGITUDINAL_BAR,UNKNOWN,5-Y20,5,EXPLICIT,ANNOTATION_TEXT,Y20,20.0,,,,,,COUNT,1,"[{'q': 5, 'd': 20.0, 'expr': '5-Y20'}]",0.9,PASS,,True,LDR::31F70791,,,,BarCallout
QI::B176::ANN-4cedba97,B176,ANN-4cedba97,5-Y20,5-Y20,LONGITUDINAL_BAR,UNKNOWN,5-Y20,5,EXPLICIT,ANNOTATION_TEXT,Y20,20.0,,,,,,COUNT,1,"[{'q': 5, 'd': 20.0, 'expr': '5-Y20'}]",0.9,PASS,,True,LDR::43588828,,,,BarCallout
QI::B176::ANN-a0bf78d4,B176,ANN-a0bf78d4,3L-Y10@100/125/100C/C,3L-Y10@100/125/100C/C,STIRRUP,STIRRUP,3L-Y10@100/125/100C/C,,SPACING_BASED,STIRRUP_PATTERN,Y10,10.0,100/125/100,,100|125|100,3L,3,SPACING_MM,0,[],0.99,PASS,,True,,,,,StirrupNote
QI::B178::ANN-00c3c91d,B178,ANN-00c3c91d,5-Y25,5-Y25,LONGITUDINAL_BAR,UNKNOWN,5-Y25,5,EXPLICIT,ANNOTATION_TEXT,Y25,25.0,,,,,,COUNT,1,"[{'q': 5, 'd': 25.0, 'expr': '5-Y25'}]",0.9,PASS,,True,LDR::5EA6E3BE,,,,BarCallout
QI::B178::ANN-1fc57bf5,B178,ANN-1fc57bf5,5-Y25,5-Y25,LONGITUDINAL_BAR,UNKNOWN,5-Y25,5,EXPLICIT,ANNOTATION_TEXT,Y25,25.0,,,,,,COUNT,1,"[{'q': 5, 'd': 25.0, 'expr': '5-Y25'}]",0.9,PASS,,True,LDR::2EF85469,,,,BarCallout
QI::B178::ANN-41e4a18e,B178,ANN-41e4a18e,2L-Y8@\X100C/C,2L-Y8@\X100C/C,STIRRUP,STIRRUP,2L-Y8@\X100C/C,,UNRESOLVED,STIRRUP_PATTERN,,,,,,,,COUNT,0,[],0.65,PASS,,True,LDR::5EA6E3BE,,,,StirrupNote
QI::B18::ANN-3210a992,B18,ANN-3210a992,4-Y16,4-Y16,LONGITUDINAL_BAR,UNKNOWN,4-Y16,4,EXPLICIT,ANNOTATION_TEXT,Y16,16.0,,,,,,COUNT,1,"[{'q': 4, 'd': 16.0, 'expr': '4-Y16'}]",0.9,PASS,,True,LDR::D9243008,,,,BarCallout
QI::B18::ANN-5731b151,B18,ANN-5731b151,4-Y20,4-Y20,LONGITUDINAL_BAR,UNKNOWN,4-Y20,4,EXPLICIT,ANNOTATION_TEXT,Y20,20.0,,,,,,COUNT,1,"[{'q': 4, 'd': 20.0, 'expr': '4-Y20'}]",0.9,PASS,,True,LDR::E476EF66,,,,BarCallout
QI::B18::ANN-a7a8941a,B18,ANN-a7a8941a,4L-Y10@100/150/100C/C,4L-Y10@100/150/100C/C,STIRRUP,STIRRUP,4L-Y10@100/150/100C/C,,SPACING_BASED,STIRRUP_PATTERN,Y10,10.0,100/150/100,,100|150|100,4L,4,SPACING_MM,0,[],0.99,PASS,,True,,,,,StirrupNote
QI::B180::ANN-67c78cc2,B180,ANN-67c78cc2,3L-Y10@100C/C,3L-Y10@100C/C,STIRRUP,STIRRUP,3L-Y10@100C/C,,SPACING_BASED,STIRRUP_PATTERN,Y10,10.0,100,100.0,100,3L,3,SPACING_MM,0,[],0.99,PASS,,True,,,,,StirrupNote
QI::B180::ANN-7a5a33c9,B180,ANN-7a5a33c9,3-Y25,3-Y25,LONGITUDINAL_BAR,UNKNOWN,3-Y25,3,EXPLICIT,ANNOTATION_TEXT,Y25,25.0,,,,,,COUNT,1,"[{'q': 3, 'd': 25.0, 'expr': '3-Y25'}]",0.9,PASS,,True,LDR::CA0A4D32,,,,BarCallout
QI::B180::ANN-f1bfb9f7,B180,ANN-f1bfb9f7,3-Y20,3-Y20,LONGITUDINAL_BAR,UNKNOWN,3-Y20,3,EXPLICIT,ANNOTATION_TEXT,Y20,20.0,,,,,,COUNT,1,"[{'q': 3, 'd': 20.0, 'expr': '3-Y20'}]",0.9,PASS,,True,LDR::156F5CBE,,,,BarCallout
QI::B182::ANN-57bf8414,B182,ANN-57bf8414,4L-Y10@100C/C,4L-Y10@100C/C,STIRRUP,STIRRUP,4L-Y10@100C/C,,SPACING_BASED,STIRRUP_PATTERN,Y10,10.0,100,100.0,100,4L,4,SPACING_MM,0,[],0.99,PASS,,True,LDR::95311400,,,,StirrupNote
QI::B182::ANN-83701bb5,B182,ANN-83701bb5,4-Y25,4-Y25,LONGITUDINAL_BAR,UNKNOWN,4-Y25,4,EXPLICIT,ANNOTATION_TEXT,Y25,25.0,,,,,,COUNT,1,"[{'q': 4, 'd': 25.0, 'expr': '4-Y25'}]",0.9,PASS,,True,LDR::17AACEEC,,,,BarCallout
QI::B182::ANN-96b81fb9,B182,ANN-96b81fb9,4-Y25,4-Y25,LONGITUDINAL_BAR,UNKNOWN,4-Y25,4,EXPLICIT,ANNOTATION_TEXT,Y25,25.0,,,,,,COUNT,1,"[{'q': 4, 'd': 25.0, 'expr': '4-Y25'}]",0.9,PASS,,True,LDR::95311400,,,,BarCallout
QI::B185::ANN-6b98f674,B185,ANN-6b98f674,5-Y20,5-Y20,LONGITUDINAL_BAR,UNKNOWN,5-Y20,5,EXPLICIT,ANNOTATION_TEXT,Y20,20.0,,,,,,COUNT,1,"[{'q': 5, 'd': 20.0, 'expr': '5-Y20'}]",0.9,PASS,,True,LDR::24AADC76,,,,BarCallout
QI::B185::ANN-d75f1bd7,B185,ANN-d75f1bd7,5-Y20,5-Y20,LONGITUDINAL_BAR,UNKNOWN,5-Y20,5,EXPLICIT,ANNOTATION_TEXT,Y20,20.0,,,,,,COUNT,1,"[{'q': 5, 'd': 20.0, 'expr': '5-Y20'}]",0.9,PASS,,True,LDR::E14FC372,,,,BarCallout
QI::B185::ANN-e9fda83f,B185,ANN-e9fda83f,3L-Y8@100C/C,3L-Y8@100C/C,STIRRUP,STIRRUP,3L-Y8@100C/C,,SPACING_BASED,STIRRUP_PATTERN,Y8,8.0,100,100.0,100,3L,3,SPACING_MM,0,[],0.99,PASS,,True,LDR::E14FC372,,,,StirrupNote
QI::B186::ANN-3c412c8c,B186,ANN-3c412c8c,4-Y25,4-Y25,LONGITUDINAL_BAR,UNKNOWN,4-Y25,4,EXPLICIT,ANNOTATION_TEXT,Y25,25.0,,,,,,COUNT,1,"[{'q': 4, 'd': 25.0, 'expr': '4-Y25'}]",0.9,PASS,,True,LDR::B0FFB4D0,,,,BarCallout
QI::B186::ANN-8caa58d6,B186,ANN-8caa58d6,4-Y25,4-Y25,LONGITUDINAL_BAR,UNKNOWN,4-Y25,4,EXPLICIT,ANNOTATION_TEXT,Y25,25.0,,,,,,COUNT,1,"[{'q': 4, 'd': 25.0, 'expr': '4-Y25'}]",0.9,PASS,,True,LDR::9829C5E5,,,,BarCallout
QI::B186::ANN-b70254d7,B186,ANN-b70254d7,4L-Y12@\X100C/C,4L-Y12@\X100C/C,STIRRUP,STIRRUP,4L-Y12@\X100C/C,,UNRESOLVED,STIRRUP_PATTERN,,,,,,,,COUNT,0,[],0.65,PASS,,True,LDR::B0FFB4D0,,,,StirrupNote
QI::B19::ANN-3f77f5f5,B19,ANN-3f77f5f5,4L-Y10@100/150/100C/C,4L-Y10@100/150/100C/C,STIRRUP,STIRRUP,4L-Y10@100/150/100C/C,,SPACING_BASED,STIRRUP_PATTERN,Y10,10.0,100/150/100,,100|150|100,4L,4,SPACING_MM,0,[],0.99,PASS,,True,,,,,StirrupNote
QI::B19::ANN-67b39208,B19,ANN-67b39208,7-Y20,7-Y20,LONGITUDINAL_BAR,UNKNOWN,7-Y20,7,EXPLICIT,ANNOTATION_TEXT,Y20,20.0,,,,,,COUNT,1,"[{'q': 7, 'd': 20.0, 'expr': '7-Y20'}]",0.9,PASS,,True,LDR::83E16CC5,,,,BarCallout
QI::B19::ANN-9aa81bce,B19,ANN-9aa81bce,6-Y25,6-Y25,LONGITUDINAL_BAR,UNKNOWN,6-Y25,6,EXPLICIT,ANNOTATION_TEXT,Y25,25.0,,,,,,COUNT,1,"[{'q': 6, 'd': 25.0, 'expr': '6-Y25'}]",0.9,PASS,,True,LDR::3A598308,,,,BarCallout
QI::B191::ANN-5300cb06,B191,ANN-5300cb06,4L-Y10@100/175/100C/C,4L-Y10@100/175/100C/C,STIRRUP,STIRRUP,4L-Y10@100/175/100C/C,,SPACING_BASED,STIRRUP_PATTERN,Y10,10.0,100/175/100,,100|175|100,4L,4,SPACING_MM,0,[],0.99,PASS,,True,,,,,StirrupNote
QI::B191::ANN-5e259653,B191,ANN-5e259653,5-Y20,5-Y20,LONGITUDINAL_BAR,UNKNOWN,5-Y20,5,EXPLICIT,ANNOTATION_TEXT,Y20,20.0,,,,,,COUNT,1,"[{'q': 5, 'd': 20.0, 'expr': '5-Y20'}]",0.9,PASS,,True,LDR::D5725A1D,,,,BarCallout
QI::B22::ANN-97a27470,B22,ANN-97a27470,4L-Y10@100/125/100C/C,4L-Y10@100/125/100C/C,STIRRUP,STIRRUP,4L-Y10@100/125/100C/C,,SPACING_BASED,STIRRUP_PATTERN,Y10,10.0,100/125/100,,100|125|100,4L,4,SPACING_MM,0,[],0.99,PASS,,True,,,,,StirrupNote
QI::B22::ANN-9811c5f6,B22,ANN-9811c5f6,4-Y20,4-Y20,LONGITUDINAL_BAR,UNKNOWN,4-Y20,4,EXPLICIT,ANNOTATION_TEXT,Y20,20.0,,,,,,COUNT,1,"[{'q': 4, 'd': 20.0, 'expr': '4-Y20'}]",0.9,PASS,,True,LDR::23D45FBD,,,,BarCallout
QI::B22::ANN-b4498c93,B22,ANN-b4498c93,4-Y20,4-Y20,LONGITUDINAL_BAR,UNKNOWN,4-Y20,4,EXPLICIT,ANNOTATION_TEXT,Y20,20.0,,,,,,COUNT,1,"[{'q': 4, 'd': 20.0, 'expr': '4-Y20'}]",0.9,PASS,,True,LDR::D44C7EEE,,,,BarCallout
QI::B23::ANN-9b61b0cf,B23,ANN-9b61b0cf,4L-Y8@100/125/100C/C,4L-Y8@100/125/100C/C,STIRRUP,STIRRUP,4L-Y8@100/125/100C/C,,SPACING_BASED,STIRRUP_PATTERN,Y8,8.0,100/125/100,,100|125|100,4L,4,SPACING_MM,0,[],0.99,PASS,,True,,,,,StirrupNote
QI::B23::ANN-fbb93fb6,B23,ANN-fbb93fb6,4-Y20,4-Y20,LONGITUDINAL_BAR,UNKNOWN,4-Y20,4,EXPLICIT,ANNOTATION_TEXT,Y20,20.0,,,,,,COUNT,1,"[{'q': 4, 'd': 20.0, 'expr': '4-Y20'}]",0.9,PASS,,True,LDR::FB2F6FF7,,,,BarCallout
QI::B29::ANN-15af619b,B29,ANN-15af619b,4L-Y12@100C/C,4L-Y12@100C/C,STIRRUP,STIRRUP,4L-Y12@100C/C,,SPACING_BASED,STIRRUP_PATTERN,Y12,12.0,100,100.0,100,4L,4,SPACING_MM,0,[],0.99,PASS,,True,,,,,StirrupNote
QI::B29::ANN-3428aa15,B29,ANN-3428aa15,4-Y20,4-Y20,LONGITUDINAL_BAR,UNKNOWN,4-Y20,4,EXPLICIT,ANNOTATION_TEXT,Y20,20.0,,,,,,COUNT,1,"[{'q': 4, 'd': 20.0, 'expr': '4-Y20'}]",0.9,PASS,,True,LDR::F05FF82C,,,,BarCallout
QI::B29::ANN-9baacae0,B29,ANN-9baacae0,4L-Y10@100/150/100C/C,4L-Y10@100/150/100C/C,STIRRUP,STIRRUP,4L-Y10@100/150/100C/C,,SPACING_BASED,STIRRUP_PATTERN,Y10,10.0,100/150/100,,100|150|100,4L,4,SPACING_MM,0,[],0.99,PASS,,True,LDR::58F9C249,,,,StirrupNote
QI::B29::ANN-d5609c23,B29,ANN-d5609c23,4-Y25,4-Y25,LONGITUDINAL_BAR,UNKNOWN,4-Y25,4,EXPLICIT,ANNOTATION_TEXT,Y25,25.0,,,,,,COUNT,1,"[{'q': 4, 'd': 25.0, 'expr': '4-Y25'}]",0.9,PASS,,True,LDR::58F9C249,,,,BarCallout
QI::B29::ANN-d5bc8991,B29,ANN-d5bc8991,4-Y25+2-Y16,4-Y25+2-Y16,LONGITUDINAL_BAR,UNKNOWN,4-Y25+2-Y16,,COMPOSITE,ANNOTATION_TEXT,,,,,,,,COUNT,2,"[{'q': 4, 'd': 25.0, 'expr': '4-Y25'}, {'q': 2, 'd': 16.0, 'expr': '2-Y16'}]",0.9,PASS,,True,LDR::AF84E8A0,,,,BarCallout
QI::B42::ANN-12f50883,B42,ANN-12f50883,4L-Y8@100/150/100C/C,4L-Y8@100/150/100C/C,STIRRUP,STIRRUP,4L-Y8@100/150/100C/C,,SPACING_BASED,STIRRUP_PATTERN,Y8,8.0,100/150/100,,100|150|100,4L,4,SPACING_MM,0,[],0.99,PASS,,True,LDR::98CDF140,,,,StirrupNote
QI::B42::ANN-90856c4f,B42,ANN-90856c4f,4-Y20,4-Y20,LONGITUDINAL_BAR,UNKNOWN,4-Y20,4,EXPLICIT,ANNOTATION_TEXT,Y20,20.0,,,,,,COUNT,1,"[{'q': 4, 'd': 20.0, 'expr': '4-Y20'}]",0.9,PASS,,True,LDR::98CDF140,,,,BarCallout
QI::B42A::ANN-6ec5785a,B42A,ANN-6ec5785a,4-Y16,4-Y16,LONGITUDINAL_BAR,UNKNOWN,4-Y16,4,EXPLICIT,ANNOTATION_TEXT,Y16,16.0,,,,,,COUNT,1,"[{'q': 4, 'd': 16.0, 'expr': '4-Y16'}]",0.9,PASS,,True,LDR::A3948F50,,,,BarCallout
QI::B42A::ANN-7e4138a4,B42A,ANN-7e4138a4,4L-Y8@1100C/C,4L-Y8@1100C/C,STIRRUP,STIRRUP,4L-Y8@1100C/C,,SPACING_BASED,STIRRUP_PATTERN,Y8,8.0,1100,1100.0,1100,4L,4,SPACING_MM,0,[],0.99,PASS,,True,LDR::045424D9,,,,StirrupNote
QI::B42A::ANN-81e5886f,B42A,ANN-81e5886f,4-Y16,4-Y16,LONGITUDINAL_BAR,UNKNOWN,4-Y16,4,EXPLICIT,ANNOTATION_TEXT,Y16,16.0,,,,,,COUNT,1,"[{'q': 4, 'd': 16.0, 'expr': '4-Y16'}]",0.9,PASS,,True,LDR::045424D9,,,,BarCallout
QI::B45::ANN-860f17d8,B45,ANN-860f17d8,3-Y25,3-Y25,LONGITUDINAL_BAR,UNKNOWN,3-Y25,3,EXPLICIT,ANNOTATION_TEXT,Y25,25.0,,,,,,COUNT,1,"[{'q': 3, 'd': 25.0, 'expr': '3-Y25'}]",0.9,PASS,,True,LDR::198A93DC,,,,BarCallout
QI::B45::ANN-ad8efd95,B45,ANN-ad8efd95,3-Y25,3-Y25,LONGITUDINAL_BAR,UNKNOWN,3-Y25,3,EXPLICIT,ANNOTATION_TEXT,Y25,25.0,,,,,,COUNT,1,"[{'q': 3, 'd': 25.0, 'expr': '3-Y25'}]",0.9,PASS,,True,LDR::AC6F7486,,,,BarCallout
QI::B45::ANN-e179cf90,B45,ANN-e179cf90,3L-Y10@100C/C,3L-Y10@100C/C,STIRRUP,STIRRUP,3L-Y10@100C/C,,SPACING_BASED,STIRRUP_PATTERN,Y10,10.0,100,100.0,100,3L,3,SPACING_MM,0,[],0.99,PASS,,True,LDR::AC6F7486,,,,StirrupNote
QI::B46::ANN-0be8ed3a,B46,ANN-0be8ed3a,4-Y20,4-Y20,LONGITUDINAL_BAR,UNKNOWN,4-Y20,4,EXPLICIT,ANNOTATION_TEXT,Y20,20.0,,,,,,COUNT,1,"[{'q': 4, 'd': 20.0, 'expr': '4-Y20'}]",0.9,PASS,,True,LDR::E549EBD6,,,,BarCallout
QI::B46::ANN-a09ab748,B46,ANN-a09ab748,4L-Y10@\X100/150/100C/C,4L-Y10@\X100/150/100C/C,STIRRUP,STIRRUP,4L-Y10@\X100/150/100C/C,,UNRESOLVED,STIRRUP_PATTERN,,,,,,,,COUNT,0,[],0.65,PASS,,True,LDR::E549EBD6,,,,StirrupNote
QI::B46::ANN-feb6c17a,B46,ANN-feb6c17a,4-Y20,4-Y20,LONGITUDINAL_BAR,UNKNOWN,4-Y20,4,EXPLICIT,ANNOTATION_TEXT,Y20,20.0,,,,,,COUNT,1,"[{'q': 4, 'd': 20.0, 'expr': '4-Y20'}]",0.9,PASS,,True,LDR::F685FB80,,,,BarCallout
QI::B47::ANN-3dffb98f,B47,ANN-3dffb98f,4-Y20,4-Y20,LONGITUDINAL_BAR,UNKNOWN,4-Y20,4,EXPLICIT,ANNOTATION_TEXT,Y20,20.0,,,,,,COUNT,1,"[{'q': 4, 'd': 20.0, 'expr': '4-Y20'}]",0.9,PASS,,True,LDR::7F56FFAB,,,,BarCallout
QI::B47::ANN-f268d884,B47,ANN-f268d884,4L-Y10@\X100/150/100C/C,4L-Y10@\X100/150/100C/C,STIRRUP,STIRRUP,4L-Y10@\X100/150/100C/C,,UNRESOLVED,STIRRUP_PATTERN,,,,,,,,COUNT,0,[],0.65,PASS,,True,LDR::7F56FFAB,,,,StirrupNote
QI::B48::ANN-0fd355e6,B48,ANN-0fd355e6,3-Y25,3-Y25,LONGITUDINAL_BAR,UNKNOWN,3-Y25,3,EXPLICIT,ANNOTATION_TEXT,Y25,25.0,,,,,,COUNT,1,"[{'q': 3, 'd': 25.0, 'expr': '3-Y25'}]",0.9,PASS,,True,LDR::3D7FCFFE,,,,BarCallout
QI::B48::ANN-1baa1882,B48,ANN-1baa1882,3L-Y10@100C/C,3L-Y10@100C/C,STIRRUP,STIRRUP,3L-Y10@100C/C,,SPACING_BASED,STIRRUP_PATTERN,Y10,10.0,100,100.0,100,3L,3,SPACING_MM,0,[],0.99,PASS,,True,LDR::3D7FCFFE,,,,StirrupNote
QI::B48::ANN-ef6d705b,B48,ANN-ef6d705b,3-Y25,3-Y25,LONGITUDINAL_BAR,UNKNOWN,3-Y25,3,EXPLICIT,ANNOTATION_TEXT,Y25,25.0,,,,,,COUNT,1,"[{'q': 3, 'd': 25.0, 'expr': '3-Y25'}]",0.9,PASS,,True,LDR::AAF03637,,,,BarCallout
QI::B51::ANN-34a39aec,B51,ANN-34a39aec,2-Y25,2-Y25,LONGITUDINAL_BAR,UNKNOWN,2-Y25,2,EXPLICIT,ANNOTATION_TEXT,Y25,25.0,,,,,,COUNT,1,"[{'q': 2, 'd': 25.0, 'expr': '2-Y25'}]",0.9,PASS,,True,LDR::6A613764,,,,BarCallout
QI::B51::ANN-8700d0bc,B51,ANN-8700d0bc,2L-Y12@100C/C,2L-Y12@100C/C,STIRRUP,STIRRUP,2L-Y12@100C/C,,SPACING_BASED,STIRRUP_PATTERN,Y12,12.0,100,100.0,100,2L,2,SPACING_MM,0,[],0.99,PASS,,True,LDR::F9C15A81,,,,StirrupNote
QI::B51::ANN-bde79e66,B51,ANN-bde79e66,2-Y25,2-Y25,LONGITUDINAL_BAR,UNKNOWN,2-Y25,2,EXPLICIT,ANNOTATION_TEXT,Y25,25.0,,,,,,COUNT,1,"[{'q': 2, 'd': 25.0, 'expr': '2-Y25'}]",0.9,PASS,,True,LDR::F9C15A81,,,,BarCallout
QI::B52::ANN-1097a989,B52,ANN-1097a989,2L-Y12@\X100C/C,2L-Y12@\X100C/C,STIRRUP,STIRRUP,2L-Y12@\X100C/C,,UNRESOLVED,STIRRUP_PATTERN,,,,,,,,COUNT,0,[],0.65,PASS,,True,LDR::CFA9607A,OWN::B52::11CD1B7,,,StirrupNote
QI::B52::ANN-d5ccf308,B52,ANN-d5ccf308,2-Y25,2-Y25,LONGITUDINAL_BAR,UNKNOWN,2-Y25,2,EXPLICIT,ANNOTATION_TEXT,Y25,25.0,,,,,,COUNT,1,"[{'q': 2, 'd': 25.0, 'expr': '2-Y25'}]",0.9,PASS,,True,LDR::CFA9607A,OWN::B52::11CD1B7,,,BarCallout
QI::B55::ANN-8a1fa182,B55,ANN-8a1fa182,2-Y16,2-Y16,LONGITUDINAL_BAR,UNKNOWN,2-Y16,2,EXPLICIT,ANNOTATION_TEXT,Y16,16.0,,,,,,COUNT,1,"[{'q': 2, 'd': 16.0, 'expr': '2-Y16'}]",0.9,PASS,,True,LDR::9877245D,,,,BarCallout
QI::B55::ANN-ca36a400,B55,ANN-ca36a400,5-Y16,5-Y16,LONGITUDINAL_BAR,UNKNOWN,5-Y16,5,EXPLICIT,ANNOTATION_TEXT,Y16,16.0,,,,,,COUNT,1,"[{'q': 5, 'd': 16.0, 'expr': '5-Y16'}]",0.9,PASS,,True,LDR::66A6DD46,,,,BarCallout
QI::B56::ANN-16e202e7,B56,ANN-16e202e7,5-Y20,5-Y20,LONGITUDINAL_BAR,UNKNOWN,5-Y20,5,EXPLICIT,ANNOTATION_TEXT,Y20,20.0,,,,,,COUNT,1,"[{'q': 5, 'd': 20.0, 'expr': '5-Y20'}]",0.9,PASS,,True,LDR::95EE6003,,,,BarCallout
QI::B56::ANN-591f399d,B56,ANN-591f399d,3L-Y8@100/125/100C/C,3L-Y8@100/125/100C/C,STIRRUP,STIRRUP,3L-Y8@100/125/100C/C,,SPACING_BASED,STIRRUP_PATTERN,Y8,8.0,100/125/100,,100|125|100,3L,3,SPACING_MM,0,[],0.99,PASS,,True,LDR::95EE6003,,,,StirrupNote
QI::B57::ANN-1805932d,B57,ANN-1805932d,3L-Y10@100/125/100C/C,3L-Y10@100/125/100C/C,STIRRUP,STIRRUP,3L-Y10@100/125/100C/C,,SPACING_BASED,STIRRUP_PATTERN,Y10,10.0,100/125/100,,100|125|100,3L,3,SPACING_MM,0,[],0.99,PASS,,True,LDR::2247AAC8,,,,StirrupNote
QI::B57::ANN-970f1e8b,B57,ANN-970f1e8b,5-Y20,5-Y20,LONGITUDINAL_BAR,UNKNOWN,5-Y20,5,EXPLICIT,ANNOTATION_TEXT,Y20,20.0,,,,,,COUNT,1,"[{'q': 5, 'd': 20.0, 'expr': '5-Y20'}]",0.9,PASS,,True,LDR::2247AAC8,,,,BarCallout
QI::B58::ANN-1e82f1a6,B58,ANN-1e82f1a6,3-Y20,3-Y20,LONGITUDINAL_BAR,UNKNOWN,3-Y20,3,EXPLICIT,ANNOTATION_TEXT,Y20,20.0,,,,,,COUNT,1,"[{'q': 3, 'd': 20.0, 'expr': '3-Y20'}]",0.9,PASS,,True,LDR::1BD582B9,,,,BarCallout
QI::B58::ANN-a0c82bbe,B58,ANN-a0c82bbe,3L-Y12@\X100C/C,3L-Y12@\X100C/C,STIRRUP,STIRRUP,3L-Y12@\X100C/C,,UNRESOLVED,STIRRUP_PATTERN,,,,,,,,COUNT,0,[],0.65,PASS,,True,LDR::1BD582B9,,,,StirrupNote
QI::B58::ANN-c7a04160,B58,ANN-c7a04160,Ld,LD,UNKNOWN,UNKNOWN,Ld,,UNRESOLVED,UNRESOLVED,,,,,,,,COUNT,0,[],0.45,PASS,,True,,,,,DevelopmentLength
QI::B59::ANN-1b902b6f,B59,ANN-1b902b6f,3-Y20,3-Y20,LONGITUDINAL_BAR,UNKNOWN,3-Y20,3,EXPLICIT,ANNOTATION_TEXT,Y20,20.0,,,,,,COUNT,1,"[{'q': 3, 'd': 20.0, 'expr': '3-Y20'}]",0.9,PASS,,True,,,,,BarCallout
QI::B59::ANN-22db906f,B59,ANN-22db906f,3-Y20,3-Y20,LONGITUDINAL_BAR,UNKNOWN,3-Y20,3,EXPLICIT,ANNOTATION_TEXT,Y20,20.0,,,,,,COUNT,1,"[{'q': 3, 'd': 20.0, 'expr': '3-Y20'}]",0.9,PASS,,True,LDR::D7B00193,,,,BarCallout
QI::B59::ANN-5c42e85c,B59,ANN-5c42e85c,3L-Y10@\X100C/C,3L-Y10@\X100C/C,STIRRUP,STIRRUP,3L-Y10@\X100C/C,,UNRESOLVED,STIRRUP_PATTERN,,,,,,,,COUNT,0,[],0.65,PASS,,True,LDR::EC348315,,,,StirrupNote
QI::B59::ANN-7edbd575,B59,ANN-7edbd575,3-Y20,3-Y20,LONGITUDINAL_BAR,UNKNOWN,3-Y20,3,EXPLICIT,ANNOTATION_TEXT,Y20,20.0,,,,,,COUNT,1,"[{'q': 3, 'd': 20.0, 'expr': '3-Y20'}]",0.9,PASS,,True,LDR::EC348315,,,,BarCallout
QI::B60::ANN-7087d925,B60,ANN-7087d925,3-Y20,3-Y20,LONGITUDINAL_BAR,UNKNOWN,3-Y20,3,EXPLICIT,ANNOTATION_TEXT,Y20,20.0,,,,,,COUNT,1,"[{'q': 3, 'd': 20.0, 'expr': '3-Y20'}]",0.9,PASS,,True,LDR::BD2A352C,,,,BarCallout
QI::B60::ANN-e26a27bf,B60,ANN-e26a27bf,3L-Y8@100C/C,3L-Y8@100C/C,STIRRUP,STIRRUP,3L-Y8@100C/C,,SPACING_BASED,STIRRUP_PATTERN,Y8,8.0,100,100.0,100,3L,3,SPACING_MM,0,[],0.99,PASS,,True,LDR::BD2A352C,,,,StirrupNote
QI::B60::ANN-ea1c1a20,B60,ANN-ea1c1a20,3-Y20,3-Y20,LONGITUDINAL_BAR,UNKNOWN,3-Y20,3,EXPLICIT,ANNOTATION_TEXT,Y20,20.0,,,,,,COUNT,1,"[{'q': 3, 'd': 20.0, 'expr': '3-Y20'}]",0.9,PASS,,True,LDR::68036D95,,,,BarCallout
QI::B60::ANN-f1183889,B60,ANN-f1183889,3-Y25,3-Y25,LONGITUDINAL_BAR,UNKNOWN,3-Y25,3,EXPLICIT,ANNOTATION_TEXT,Y25,25.0,,,,,,COUNT,1,"[{'q': 3, 'd': 25.0, 'expr': '3-Y25'}]",0.9,PASS,,True,LDR::FCE248AA,,,,BarCallout
QI::B60::ANN-ffd7751d,B60,ANN-ffd7751d,3-Y20,3-Y20,LONGITUDINAL_BAR,UNKNOWN,3-Y20,3,EXPLICIT,ANNOTATION_TEXT,Y20,20.0,,,,,,COUNT,1,"[{'q': 3, 'd': 20.0, 'expr': '3-Y20'}]",0.9,PASS,,True,LDR::D7AA6D95,,,,BarCallout
QI::B61::ANN-3fccd798,B61,ANN-3fccd798,3-Y20,3-Y20,LONGITUDINAL_BAR,UNKNOWN,3-Y20,3,EXPLICIT,ANNOTATION_TEXT,Y20,20.0,,,,,,COUNT,1,"[{'q': 3, 'd': 20.0, 'expr': '3-Y20'}]",0.9,PASS,,True,LDR::F046FCB3,OWN::B61::124906F,,,BarCallout
QI::B61::ANN-4eee59cd,B61,ANN-4eee59cd,3L-Y8@100C/C,3L-Y8@100C/C,STIRRUP,STIRRUP,3L-Y8@100C/C,,SPACING_BASED,STIRRUP_PATTERN,Y8,8.0,100,100.0,100,3L,3,SPACING_MM,0,[],0.99,PASS,,True,LDR::F046FCB3,OWN::B61::124906F,,,StirrupNote
QI::B63::ANN-58aa9073,B63,ANN-58aa9073,3-Y16,3-Y16,LONGITUDINAL_BAR,UNKNOWN,3-Y16,3,EXPLICIT,ANNOTATION_TEXT,Y16,16.0,,,,,,COUNT,1,"[{'q': 3, 'd': 16.0, 'expr': '3-Y16'}]",0.9,PASS,,True,LDR::84E0A9CA,,,,BarCallout
QI::B64::ANN-3d1eff37,B64,ANN-3d1eff37,5-Y20,5-Y20,LONGITUDINAL_BAR,UNKNOWN,5-Y20,5,EXPLICIT,ANNOTATION_TEXT,Y20,20.0,,,,,,COUNT,1,"[{'q': 5, 'd': 20.0, 'expr': '5-Y20'}]",0.9,PASS,,True,LDR::B7E996C1,,,,BarCallout
QI::B64::ANN-81d60aa8,B64,ANN-81d60aa8,4L-Y8@100C/C,4L-Y8@100C/C,STIRRUP,STIRRUP,4L-Y8@100C/C,,SPACING_BASED,STIRRUP_PATTERN,Y8,8.0,100,100.0,100,4L,4,SPACING_MM,0,[],0.99,PASS,,True,LDR::B7E996C1,,,,StirrupNote
QI::B65::ANN-026fe9de,B65,ANN-026fe9de,4L-Y8@100/175/100C/C,4L-Y8@100/175/100C/C,STIRRUP,STIRRUP,4L-Y8@100/175/100C/C,,SPACING_BASED,STIRRUP_PATTERN,Y8,8.0,100/175/100,,100|175|100,4L,4,SPACING_MM,0,[],0.99,PASS,,True,LDR::84D23FE1,,,,StirrupNote
QI::B65::ANN-4030c60e,B65,ANN-4030c60e,5-Y20,5-Y20,LONGITUDINAL_BAR,UNKNOWN,5-Y20,5,EXPLICIT,ANNOTATION_TEXT,Y20,20.0,,,,,,COUNT,1,"[{'q': 5, 'd': 20.0, 'expr': '5-Y20'}]",0.9,PASS,,True,LDR::84D23FE1,,,,BarCallout
QI::B66::ANN-6cfb6ebe,B66,ANN-6cfb6ebe,5-Y20,5-Y20,LONGITUDINAL_BAR,UNKNOWN,5-Y20,5,EXPLICIT,ANNOTATION_TEXT,Y20,20.0,,,,,,COUNT,1,"[{'q': 5, 'd': 20.0, 'expr': '5-Y20'}]",0.9,PASS,,True,LDR::D4B75F09,,,,BarCallout
QI::B66::ANN-830f2ae1,B66,ANN-830f2ae1,4L-Y8@100/125/100C/C,4L-Y8@100/125/100C/C,STIRRUP,STIRRUP,4L-Y8@100/125/100C/C,,SPACING_BASED,STIRRUP_PATTERN,Y8,8.0,100/125/100,,100|125|100,4L,4,SPACING_MM,0,[],0.99,PASS,,True,LDR::D4B75F09,,,,StirrupNote
QI::B68::ANN-4fdae5ed,B68,ANN-4fdae5ed,4-Y20,4-Y20,LONGITUDINAL_BAR,UNKNOWN,4-Y20,4,EXPLICIT,ANNOTATION_TEXT,Y20,20.0,,,,,,COUNT,1,"[{'q': 4, 'd': 20.0, 'expr': '4-Y20'}]",0.9,PASS,,True,LDR::913D0671,OWN::B68::11CDC9D,,,BarCallout
QI::B68::ANN-530cb330,B68,ANN-530cb330,4-Y20,4-Y20,LONGITUDINAL_BAR,UNKNOWN,4-Y20,4,EXPLICIT,ANNOTATION_TEXT,Y20,20.0,,,,,,COUNT,1,"[{'q': 4, 'd': 20.0, 'expr': '4-Y20'}]",0.9,PASS,,True,LDR::B8B40C4B,OWN::B68::1246335,,,BarCallout
QI::B68::ANN-a149c849,B68,ANN-a149c849,4L-Y8@100/150/100C/C,4L-Y8@100/150/100C/C,STIRRUP,STIRRUP,4L-Y8@100/150/100C/C,,SPACING_BASED,STIRRUP_PATTERN,Y8,8.0,100/150/100,,100|150|100,4L,4,SPACING_MM,0,[],0.99,PASS,,True,LDR::913D0671,OWN::B68::11CDC9D,,,StirrupNote
QI::B68::ANN-d6331e4e,B68,ANN-d6331e4e,4-Y16,4-Y16,LONGITUDINAL_BAR,UNKNOWN,4-Y16,4,EXPLICIT,ANNOTATION_TEXT,Y16,16.0,,,,,,COUNT,1,"[{'q': 4, 'd': 16.0, 'expr': '4-Y16'}]",0.9,PASS,,True,LDR::1F32BBE6,OWN::B68::11CDC9B,,,BarCallout
QI::B68A::ANN-38ec2f0f,B68A,ANN-38ec2f0f,4L-Y10@100/150/100C/C,4L-Y10@100/150/100C/C,STIRRUP,STIRRUP,4L-Y10@100/150/100C/C,,SPACING_BASED,STIRRUP_PATTERN,Y10,10.0,100/150/100,,100|150|100,4L,4,SPACING_MM,0,[],0.99,PASS,,True,LDR::FBC6BCD0,,,,StirrupNote
QI::B68A::ANN-4bf9c9ce,B68A,ANN-4bf9c9ce,4-Y16,4-Y16,LONGITUDINAL_BAR,UNKNOWN,4-Y16,4,EXPLICIT,ANNOTATION_TEXT,Y16,16.0,,,,,,COUNT,1,"[{'q': 4, 'd': 16.0, 'expr': '4-Y16'}]",0.9,PASS,,True,LDR::FAD5917E,,,,BarCallout
QI::B68A::ANN-b52ce7fb,B68A,ANN-b52ce7fb,4-Y20,4-Y20,LONGITUDINAL_BAR,UNKNOWN,4-Y20,4,EXPLICIT,ANNOTATION_TEXT,Y20,20.0,,,,,,COUNT,1,"[{'q': 4, 'd': 20.0, 'expr': '4-Y20'}]",0.9,PASS,,True,LDR::FBC6BCD0,,,,BarCallout
QI::B69::ANN-4ebfc424,B69,ANN-4ebfc424,2-Y16,2-Y16,LONGITUDINAL_BAR,UNKNOWN,2-Y16,2,EXPLICIT,ANNOTATION_TEXT,Y16,16.0,,,,,,COUNT,1,"[{'q': 2, 'd': 16.0, 'expr': '2-Y16'}]",0.9,PASS,,True,LDR::D9A80512,,,,BarCallout
QI::B69::ANN-63aaed34,B69,ANN-63aaed34,4-Y20,4-Y20,LONGITUDINAL_BAR,UNKNOWN,4-Y20,4,EXPLICIT,ANNOTATION_TEXT,Y20,20.0,,,,,,COUNT,1,"[{'q': 4, 'd': 20.0, 'expr': '4-Y20'}]",0.9,PASS,,True,LDR::190EE0EC,,,,BarCallout
QI::B69::ANN-f232eb4f,B69,ANN-f232eb4f,4L-Y8@100/175/100C/C,4L-Y8@100/175/100C/C,STIRRUP,STIRRUP,4L-Y8@100/175/100C/C,,SPACING_BASED,STIRRUP_PATTERN,Y8,8.0,100/175/100,,100|175|100,4L,4,SPACING_MM,0,[],0.99,PASS,,True,LDR::190EE0EC,,,,StirrupNote
QI::B70::ANN-2f9f6718,B70,ANN-2f9f6718,4L-Y8@100/150/100C/C,4L-Y8@100/150/100C/C,STIRRUP,STIRRUP,4L-Y8@100/150/100C/C,,SPACING_BASED,STIRRUP_PATTERN,Y8,8.0,100/150/100,,100|150|100,4L,4,SPACING_MM,0,[],0.99,PASS,,True,LDR::76BDBF29,OWN::B70::12465C4,,,StirrupNote
QI::B70A::ANN-0faa43d0,B70A,ANN-0faa43d0,4-Y25,4-Y25,LONGITUDINAL_BAR,UNKNOWN,4-Y25,4,EXPLICIT,ANNOTATION_TEXT,Y25,25.0,,,,,,COUNT,1,"[{'q': 4, 'd': 25.0, 'expr': '4-Y25'}]",0.9,PASS,,True,LDR::0D57D9E9,,,,BarCallout
QI::B70A::ANN-4dca497a,B70A,ANN-4dca497a,4-Y25,4-Y25,LONGITUDINAL_BAR,UNKNOWN,4-Y25,4,EXPLICIT,ANNOTATION_TEXT,Y25,25.0,,,,,,COUNT,1,"[{'q': 4, 'd': 25.0, 'expr': '4-Y25'}]",0.9,PASS,,True,LDR::6B25EF13,,,,BarCallout
QI::B71::ANN-65a3f3f0,B71,ANN-65a3f3f0,4L-Y12@\X100C/C,4L-Y12@\X100C/C,STIRRUP,STIRRUP,4L-Y12@\X100C/C,,UNRESOLVED,STIRRUP_PATTERN,,,,,,,,COUNT,0,[],0.65,PASS,,True,LDR::F3CC1E31,,,,StirrupNote
QI::B71::ANN-d4dcd6ee,B71,ANN-d4dcd6ee,4-Y25,4-Y25,LONGITUDINAL_BAR,UNKNOWN,4-Y25,4,EXPLICIT,ANNOTATION_TEXT,Y25,25.0,,,,,,COUNT,1,"[{'q': 4, 'd': 25.0, 'expr': '4-Y25'}]",0.9,PASS,,True,LDR::F3CC1E31,,,,BarCallout
QI::B71::ANN-e8fa1fe7,B71,ANN-e8fa1fe7,3L-Y10@\X100C/C,3L-Y10@\X100C/C,STIRRUP,STIRRUP,3L-Y10@\X100C/C,,UNRESOLVED,STIRRUP_PATTERN,,,,,,,,COUNT,0,[],0.65,PASS,,True,,,,,StirrupNote
QI::B71::ANN-ea851c67,B71,ANN-ea851c67,4-Y25,4-Y25,LONGITUDINAL_BAR,UNKNOWN,4-Y25,4,EXPLICIT,ANNOTATION_TEXT,Y25,25.0,,,,,,COUNT,1,"[{'q': 4, 'd': 25.0, 'expr': '4-Y25'}]",0.9,PASS,,True,LDR::4F5DE7B0,,,,BarCallout
QI::B72::ANN-10bcb66c,B72,ANN-10bcb66c,2-Y16,2-Y16,LONGITUDINAL_BAR,UNKNOWN,2-Y16,2,EXPLICIT,ANNOTATION_TEXT,Y16,16.0,,,,,,COUNT,1,"[{'q': 2, 'd': 16.0, 'expr': '2-Y16'}]",0.9,PASS,,True,LDR::39CE1A0B,,,,BarCallout
QI::B72::ANN-198f3fef,B72,ANN-198f3fef,2-Y16,2-Y16,LONGITUDINAL_BAR,UNKNOWN,2-Y16,2,EXPLICIT,ANNOTATION_TEXT,Y16,16.0,,,,,,COUNT,1,"[{'q': 2, 'd': 16.0, 'expr': '2-Y16'}]",0.9,PASS,,True,LDR::59C20D9B,,,,BarCallout
QI::B72::ANN-91617cb9,B72,ANN-91617cb9,4-Y20,4-Y20,LONGITUDINAL_BAR,UNKNOWN,4-Y20,4,EXPLICIT,ANNOTATION_TEXT,Y20,20.0,,,,,,COUNT,1,"[{'q': 4, 'd': 20.0, 'expr': '4-Y20'}]",0.9,PASS,,True,LDR::142698EA,,,,BarCallout
QI::B73::ANN-19004f11,B73,ANN-19004f11,4L-Y10@100C/C,4L-Y10@100C/C,STIRRUP,STIRRUP,4L-Y10@100C/C,,SPACING_BASED,STIRRUP_PATTERN,Y10,10.0,100,100.0,100,4L,4,SPACING_MM,0,[],0.99,PASS,,True,,,,,StirrupNote
QI::B73::ANN-9011f2b6,B73,ANN-9011f2b6,4-Y25,4-Y25,LONGITUDINAL_BAR,UNKNOWN,4-Y25,4,EXPLICIT,ANNOTATION_TEXT,Y25,25.0,,,,,,COUNT,1,"[{'q': 4, 'd': 25.0, 'expr': '4-Y25'}]",0.9,PASS,,True,LDR::4EE3550F,OWN::B73::123AA48,,,BarCallout
QI::B74::ANN-0b0dd105,B74,ANN-0b0dd105,4-Y20,4-Y20,LONGITUDINAL_BAR,UNKNOWN,4-Y20,4,EXPLICIT,ANNOTATION_TEXT,Y20,20.0,,,,,,COUNT,1,"[{'q': 4, 'd': 20.0, 'expr': '4-Y20'}]",0.9,PASS,,True,LDR::8BC55B76,,,,BarCallout
QI::B74::ANN-5075c1c3,B74,ANN-5075c1c3,2-Y16,2-Y16,LONGITUDINAL_BAR,UNKNOWN,2-Y16,2,EXPLICIT,ANNOTATION_TEXT,Y16,16.0,,,,,,COUNT,1,"[{'q': 2, 'd': 16.0, 'expr': '2-Y16'}]",0.9,PASS,,True,LDR::717677FE,,,,BarCallout
QI::B74::ANN-5a3a4c53,B74,ANN-5a3a4c53,4L-Y10@\X100/125/100C/C,4L-Y10@\X100/125/100C/C,STIRRUP,STIRRUP,4L-Y10@\X100/125/100C/C,,UNRESOLVED,STIRRUP_PATTERN,,,,,,,,COUNT,0,[],0.65,PASS,,True,LDR::717677FE,,,,StirrupNote
QI::B74::ANN-5c2009fa,B74,ANN-5c2009fa,4-Y20,4-Y20,LONGITUDINAL_BAR,UNKNOWN,4-Y20,4,EXPLICIT,ANNOTATION_TEXT,Y20,20.0,,,,,,COUNT,1,"[{'q': 4, 'd': 20.0, 'expr': '4-Y20'}]",0.9,PASS,,True,LDR::428D24FA,,,,BarCallout
QI::B75::ANN-b95d7ab4,B75,ANN-b95d7ab4,4-Y20,4-Y20,LONGITUDINAL_BAR,UNKNOWN,4-Y20,4,EXPLICIT,ANNOTATION_TEXT,Y20,20.0,,,,,,COUNT,1,"[{'q': 4, 'd': 20.0, 'expr': '4-Y20'}]",0.9,PASS,,True,LDR::8C2A7D8B,,,,BarCallout
QI::B75::ANN-c5e29764,B75,ANN-c5e29764,4L-Y8@100/175/100C/C,4L-Y8@100/175/100C/C,STIRRUP,STIRRUP,4L-Y8@100/175/100C/C,,SPACING_BASED,STIRRUP_PATTERN,Y8,8.0,100/175/100,,100|175|100,4L,4,SPACING_MM,0,[],0.99,PASS,,True,,,,,StirrupNote
QI::B76::ANN-1fb1c50e,B76,ANN-1fb1c50e,2-Y16,2-Y16,LONGITUDINAL_BAR,UNKNOWN,2-Y16,2,EXPLICIT,ANNOTATION_TEXT,Y16,16.0,,,,,,COUNT,1,"[{'q': 2, 'd': 16.0, 'expr': '2-Y16'}]",0.9,PASS,,True,LDR::0A27788E,OWN::B76::11CE779,,,BarCallout
QI::B76::ANN-8c653af8,B76,ANN-8c653af8,4L-Y10@\X100/125/100C/C,4L-Y10@\X100/125/100C/C,STIRRUP,STIRRUP,4L-Y10@\X100/125/100C/C,,UNRESOLVED,STIRRUP_PATTERN,,,,,,,,COUNT,0,[],0.65,PASS,,True,LDR::0A27788E,OWN::B76::11CE779,,,StirrupNote
QI::B76::ANN-e985daef,B76,ANN-e985daef,4-Y20,4-Y20,LONGITUDINAL_BAR,UNKNOWN,4-Y20,4,EXPLICIT,ANNOTATION_TEXT,Y20,20.0,,,,,,COUNT,1,"[{'q': 4, 'd': 20.0, 'expr': '4-Y20'}]",0.9,PASS,,True,LDR::C18253E2,OWN::B76::11CE779,,,BarCallout
QI::B77::ANN-15f8f3b0,B77,ANN-15f8f3b0,4L-Y10@100C/C,4L-Y10@100C/C,STIRRUP,STIRRUP,4L-Y10@100C/C,,SPACING_BASED,STIRRUP_PATTERN,Y10,10.0,100,100.0,100,4L,4,SPACING_MM,0,[],0.99,PASS,,True,,,,,StirrupNote
QI::B77::ANN-2576ebcb,B77,ANN-2576ebcb,4-Y25,4-Y25,LONGITUDINAL_BAR,UNKNOWN,4-Y25,4,EXPLICIT,ANNOTATION_TEXT,Y25,25.0,,,,,,COUNT,1,"[{'q': 4, 'd': 25.0, 'expr': '4-Y25'}]",0.9,PASS,,True,LDR::95852CAC,,,,BarCallout
QI::B78::ANN-162748fa,B78,ANN-162748fa,4-Y25,4-Y25,LONGITUDINAL_BAR,UNKNOWN,4-Y25,4,EXPLICIT,ANNOTATION_TEXT,Y25,25.0,,,,,,COUNT,1,"[{'q': 4, 'd': 25.0, 'expr': '4-Y25'}]",0.9,PASS,,True,LDR::497335FF,OWN::B78::123AA73,,,BarCallout
QI::B78::ANN-5086d132,B78,ANN-5086d132,4L-Y10@100/125/100C/C,4L-Y10@100/125/100C/C,STIRRUP,STIRRUP,4L-Y10@100/125/100C/C,,SPACING_BASED,STIRRUP_PATTERN,Y10,10.0,100/125/100,,100|125|100,4L,4,SPACING_MM,0,[],0.99,PASS,,True,LDR::F451259F,OWN::B78::123AA73,,,StirrupNote
QI::B78::ANN-bf8c8df1,B78,ANN-bf8c8df1,4-Y25,4-Y25,LONGITUDINAL_BAR,UNKNOWN,4-Y25,4,EXPLICIT,ANNOTATION_TEXT,Y25,25.0,,,,,,COUNT,1,"[{'q': 4, 'd': 25.0, 'expr': '4-Y25'}]",0.9,PASS,,True,LDR::F451259F,OWN::B78::123AA73,,,BarCallout
QI::B79::ANN-3669edb6,B79,ANN-3669edb6,4-Y25,4-Y25,LONGITUDINAL_BAR,UNKNOWN,4-Y25,4,EXPLICIT,ANNOTATION_TEXT,Y25,25.0,,,,,,COUNT,1,"[{'q': 4, 'd': 25.0, 'expr': '4-Y25'}]",0.9,PASS,,True,LDR::2A37CDF1,OWN::B79::11CED6E,,,BarCallout
QI::B79::ANN-63caeb7d,B79,ANN-63caeb7d,4-Y25,4-Y25,LONGITUDINAL_BAR,UNKNOWN,4-Y25,4,EXPLICIT,ANNOTATION_TEXT,Y25,25.0,,,,,,COUNT,1,"[{'q': 4, 'd': 25.0, 'expr': '4-Y25'}]",0.9,PASS,,True,LDR::757BB472,OWN::B79::11CED62,,,BarCallout
QI::B79::ANN-a5b971c5,B79,ANN-a5b971c5,4L-Y10@100/125/100C/C,4L-Y10@100/125/100C/C,STIRRUP,STIRRUP,4L-Y10@100/125/100C/C,,SPACING_BASED,STIRRUP_PATTERN,Y10,10.0,100/125/100,,100|125|100,4L,4,SPACING_MM,0,[],0.99,PASS,,True,,,,,StirrupNote
QI::B79::ANN-fb7663c7,B79,ANN-fb7663c7,4L-Y12@100C/C,4L-Y12@100C/C,STIRRUP,STIRRUP,4L-Y12@100C/C,,SPACING_BASED,STIRRUP_PATTERN,Y12,12.0,100,100.0,100,4L,4,SPACING_MM,0,[],0.99,PASS,,True,LDR::2A37CDF1,OWN::B79::11CED6E,,,StirrupNote
QI::B80::ANN-54d43767,B80,ANN-54d43767,3-Y16,3-Y16,LONGITUDINAL_BAR,UNKNOWN,3-Y16,3,EXPLICIT,ANNOTATION_TEXT,Y16,16.0,,,,,,COUNT,1,"[{'q': 3, 'd': 16.0, 'expr': '3-Y16'}]",0.9,PASS,,True,LDR::09C25EFC,OWN::B80::11CEFFE,,,BarCallout
QI::B80::ANN-88fbe813,B80,ANN-88fbe813,2L-Y8@\X100C/C,2L-Y8@\X100C/C,STIRRUP,STIRRUP,2L-Y8@\X100C/C,,UNRESOLVED,STIRRUP_PATTERN,,,,,,,,COUNT,0,[],0.65,PASS,,True,LDR::09C25EFC,OWN::B80::11CEFFE,,,StirrupNote
QI::B81::ANN-bab0ba0e,B81,ANN-bab0ba0e,2L-Y8@\X100C/C,2L-Y8@\X100C/C,STIRRUP,STIRRUP,2L-Y8@\X100C/C,,UNRESOLVED,STIRRUP_PATTERN,,,,,,,,COUNT,0,[],0.65,PASS,,True,LDR::241DBBA1,,,,StirrupNote
QI::B81::ANN-ffa274cb,B81,ANN-ffa274cb,3-Y16,3-Y16,LONGITUDINAL_BAR,UNKNOWN,3-Y16,3,EXPLICIT,ANNOTATION_TEXT,Y16,16.0,,,,,,COUNT,1,"[{'q': 3, 'd': 16.0, 'expr': '3-Y16'}]",0.9,PASS,,True,LDR::241DBBA1,,,,BarCallout
QI::B82::ANN-2aafc59f,B82,ANN-2aafc59f,4-Y25,4-Y25,LONGITUDINAL_BAR,UNKNOWN,4-Y25,4,EXPLICIT,ANNOTATION_TEXT,Y25,25.0,,,,,,COUNT,1,"[{'q': 4, 'd': 25.0, 'expr': '4-Y25'}]",0.9,PASS,,True,LDR::F2A66E9A,,,,BarCallout
QI::B82::ANN-4679b76c,B82,ANN-4679b76c,4L-Y12@\X100C/C,4L-Y12@\X100C/C,STIRRUP,STIRRUP,4L-Y12@\X100C/C,,UNRESOLVED,STIRRUP_PATTERN,,,,,,,,COUNT,0,[],0.65,PASS,,True,LDR::F2A66E9A,,,,StirrupNote
QI::B83::ANN-020a1f2c,B83,ANN-020a1f2c,4L-Y10@100C/C,4L-Y10@100C/C,STIRRUP,STIRRUP,4L-Y10@100C/C,,SPACING_BASED,STIRRUP_PATTERN,Y10,10.0,100,100.0,100,4L,4,SPACING_MM,0,[],0.99,PASS,,True,LDR::35B21389,,,,StirrupNote
QI::B83::ANN-a141c7a9,B83,ANN-a141c7a9,4-Y25,4-Y25,LONGITUDINAL_BAR,UNKNOWN,4-Y25,4,EXPLICIT,ANNOTATION_TEXT,Y25,25.0,,,,,,COUNT,1,"[{'q': 4, 'd': 25.0, 'expr': '4-Y25'}]",0.9,PASS,,True,LDR::35B21389,,,,BarCallout
QI::B85::ANN-324ae3bb,B85,ANN-324ae3bb,4L-Y10@100C/C,4L-Y10@100C/C,STIRRUP,STIRRUP,4L-Y10@100C/C,,SPACING_BASED,STIRRUP_PATTERN,Y10,10.0,100,100.0,100,4L,4,SPACING_MM,0,[],0.99,PASS,,True,LDR::7B9D2572,,,,StirrupNote
QI::B85::ANN-e156ae9f,B85,ANN-e156ae9f,4-Y25,4-Y25,LONGITUDINAL_BAR,UNKNOWN,4-Y25,4,EXPLICIT,ANNOTATION_TEXT,Y25,25.0,,,,,,COUNT,1,"[{'q': 4, 'd': 25.0, 'expr': '4-Y25'}]",0.9,PASS,,True,LDR::7B9D2572,,,,BarCallout
QI::B86::ANN-32be3eb4,B86,ANN-32be3eb4,4-Y25,4-Y25,LONGITUDINAL_BAR,UNKNOWN,4-Y25,4,EXPLICIT,ANNOTATION_TEXT,Y25,25.0,,,,,,COUNT,1,"[{'q': 4, 'd': 25.0, 'expr': '4-Y25'}]",0.9,PASS,,True,LDR::158D27DD,OWN::B86::11CF6DA,,,BarCallout
QI::B86::ANN-765d8183,B86,ANN-765d8183,4L-Y12@\X100C/C,4L-Y12@\X100C/C,STIRRUP,STIRRUP,4L-Y12@\X100C/C,,UNRESOLVED,STIRRUP_PATTERN,,,,,,,,COUNT,0,[],0.65,PASS,,True,LDR::158D27DD,OWN::B86::11CF6DA,,,StirrupNote
QI::B86::ANN-b8d0da96,B86,ANN-b8d0da96,4-Y25,4-Y25,LONGITUDINAL_BAR,UNKNOWN,4-Y25,4,EXPLICIT,ANNOTATION_TEXT,Y25,25.0,,,,,,COUNT,1,"[{'q': 4, 'd': 25.0, 'expr': '4-Y25'}]",0.9,PASS,,True,LDR::BFE07747,OWN::B86::11CF6D8,,,BarCallout
QI::B88::ANN-8f4c5fd4,B88,ANN-8f4c5fd4,3-Y20,3-Y20,LONGITUDINAL_BAR,UNKNOWN,3-Y20,3,EXPLICIT,ANNOTATION_TEXT,Y20,20.0,,,,,,COUNT,1,"[{'q': 3, 'd': 20.0, 'expr': '3-Y20'}]",0.9,PASS,,True,LDR::9C20023B,,,,BarCallout
QI::B88::ANN-d0e07ba8,B88,ANN-d0e07ba8,2L-Y10@100C/C,2L-Y10@100C/C,STIRRUP,STIRRUP,2L-Y10@100C/C,,SPACING_BASED,STIRRUP_PATTERN,Y10,10.0,100,100.0,100,2L,2,SPACING_MM,0,[],0.99,PASS,,True,,,,,StirrupNote
QI::B88::ANN-e17b9305,B88,ANN-e17b9305,3-Y20,3-Y20,LONGITUDINAL_BAR,UNKNOWN,3-Y20,3,EXPLICIT,ANNOTATION_TEXT,Y20,20.0,,,,,,COUNT,1,"[{'q': 3, 'd': 20.0, 'expr': '3-Y20'}]",0.9,PASS,,True,LDR::BD44B010,,,,BarCallout
QI::B89::ANN-09305d02,B89,ANN-09305d02,3-Y20,3-Y20,LONGITUDINAL_BAR,UNKNOWN,3-Y20,3,EXPLICIT,ANNOTATION_TEXT,Y20,20.0,,,,,,COUNT,1,"[{'q': 3, 'd': 20.0, 'expr': '3-Y20'}]",0.9,PASS,,True,LDR::F9AF6118,,,,BarCallout
QI::B89::ANN-5a9491de,B89,ANN-5a9491de,3-Y20,3-Y20,LONGITUDINAL_BAR,UNKNOWN,3-Y20,3,EXPLICIT,ANNOTATION_TEXT,Y20,20.0,,,,,,COUNT,1,"[{'q': 3, 'd': 20.0, 'expr': '3-Y20'}]",0.9,PASS,,True,LDR::87AB34F2,,,,BarCallout
QI::B89::ANN-ac26322b,B89,ANN-ac26322b,2L-Y10@100C/C,2L-Y10@100C/C,STIRRUP,STIRRUP,2L-Y10@100C/C,,SPACING_BASED,STIRRUP_PATTERN,Y10,10.0,100,100.0,100,2L,2,SPACING_MM,0,[],0.99,PASS,,True,LDR::87AB34F2,,,,StirrupNote
QI::B91::ANN-6cd6c4ac,B91,ANN-6cd6c4ac,3-Y20,3-Y20,LONGITUDINAL_BAR,UNKNOWN,3-Y20,3,EXPLICIT,ANNOTATION_TEXT,Y20,20.0,,,,,,COUNT,1,"[{'q': 3, 'd': 20.0, 'expr': '3-Y20'}]",0.9,PASS,,True,LDR::5F29669D,OWN::B91::11CFD7C,,,BarCallout
QI::B91::ANN-c7bea6e0,B91,ANN-c7bea6e0,3L-Y10@100C/C,3L-Y10@100C/C,STIRRUP,STIRRUP,3L-Y10@100C/C,,SPACING_BASED,STIRRUP_PATTERN,Y10,10.0,100,100.0,100,3L,3,SPACING_MM,0,[],0.99,PASS,,True,LDR::5F29669D,OWN::B91::11CFD7C,,,StirrupNote
QI::B91::ANN-e3545401,B91,ANN-e3545401,3-Y20,3-Y20,LONGITUDINAL_BAR,UNKNOWN,3-Y20,3,EXPLICIT,ANNOTATION_TEXT,Y20,20.0,,,,,,COUNT,1,"[{'q': 3, 'd': 20.0, 'expr': '3-Y20'}]",0.9,PASS,,True,LDR::906F6F15,OWN::B91::11CFD79,,,BarCallout
QI::B92::ANN-60535de4,B92,ANN-60535de4,3-Y20,3-Y20,LONGITUDINAL_BAR,UNKNOWN,3-Y20,3,EXPLICIT,ANNOTATION_TEXT,Y20,20.0,,,,,,COUNT,1,"[{'q': 3, 'd': 20.0, 'expr': '3-Y20'}]",0.9,PASS,,True,LDR::9846055F,,,,BarCallout
QI::B92::ANN-a092beab,B92,ANN-a092beab,2L-Y10@100C/C,2L-Y10@100C/C,STIRRUP,STIRRUP,2L-Y10@100C/C,,SPACING_BASED,STIRRUP_PATTERN,Y10,10.0,100,100.0,100,2L,2,SPACING_MM,0,[],0.99,PASS,,True,LDR::4D600A63,,,,StirrupNote
QI::B92::ANN-ff7b7e50,B92,ANN-ff7b7e50,3-Y20,3-Y20,LONGITUDINAL_BAR,UNKNOWN,3-Y20,3,EXPLICIT,ANNOTATION_TEXT,Y20,20.0,,,,,,COUNT,1,"[{'q': 3, 'd': 20.0, 'expr': '3-Y20'}]",0.9,PASS,,True,LDR::4D600A63,,,,BarCallout
QI::B93::ANN-185c548b,B93,ANN-185c548b,3-Y20,3-Y20,LONGITUDINAL_BAR,UNKNOWN,3-Y20,3,EXPLICIT,ANNOTATION_TEXT,Y20,20.0,,,,,,COUNT,1,"[{'q': 3, 'd': 20.0, 'expr': '3-Y20'}]",0.9,PASS,,True,LDR::DA9B46C5,OWN::B93::11CF9C6,,,BarCallout
QI::B93::ANN-63922707,B93,ANN-63922707,3-Y20,3-Y20,LONGITUDINAL_BAR,UNKNOWN,3-Y20,3,EXPLICIT,ANNOTATION_TEXT,Y20,20.0,,,,,,COUNT,1,"[{'q': 3, 'd': 20.0, 'expr': '3-Y20'}]",0.9,PASS,,True,LDR::AF856B98,OWN::B93::11CF9C4,,,BarCallout
QI::B93::ANN-6420ec3e,B93,ANN-6420ec3e,3L-Y10@100C/C,3L-Y10@100C/C,STIRRUP,STIRRUP,3L-Y10@100C/C,,SPACING_BASED,STIRRUP_PATTERN,Y10,10.0,100,100.0,100,3L,3,SPACING_MM,0,[],0.99,PASS,,True,,,,,StirrupNote
QI::B94::ANN-7437ef48,B94,ANN-7437ef48,3-Y20,3-Y20,LONGITUDINAL_BAR,UNKNOWN,3-Y20,3,EXPLICIT,ANNOTATION_TEXT,Y20,20.0,,,,,,COUNT,1,"[{'q': 3, 'd': 20.0, 'expr': '3-Y20'}]",0.9,PASS,,True,LDR::B1E7552C,,,,BarCallout
QI::B94::ANN-ecffa6fb,B94,ANN-ecffa6fb,3L-Y10@100C/C,3L-Y10@100C/C,STIRRUP,STIRRUP,3L-Y10@100C/C,,SPACING_BASED,STIRRUP_PATTERN,Y10,10.0,100,100.0,100,3L,3,SPACING_MM,0,[],0.99,PASS,,True,LDR::D26B8351,,,,StirrupNote
QI::B94::ANN-f7292ac1,B94,ANN-f7292ac1,3-Y20,3-Y20,LONGITUDINAL_BAR,UNKNOWN,3-Y20,3,EXPLICIT,ANNOTATION_TEXT,Y20,20.0,,,,,,COUNT,1,"[{'q': 3, 'd': 20.0, 'expr': '3-Y20'}]",0.9,PASS,,True,LDR::D26B8351,,,,BarCallout
QI::B96::ANN-448f2246,B96,ANN-448f2246,4-Y25,4-Y25,LONGITUDINAL_BAR,UNKNOWN,4-Y25,4,EXPLICIT,ANNOTATION_TEXT,Y25,25.0,,,,,,COUNT,1,"[{'q': 4, 'd': 25.0, 'expr': '4-Y25'}]",0.9,PASS,,True,LDR::E00AA6E6,,,,BarCallout
QI::B96::ANN-c0ee6243,B96,ANN-c0ee6243,2-Y16,2-Y16,LONGITUDINAL_BAR,UNKNOWN,2-Y16,2,EXPLICIT,ANNOTATION_TEXT,Y16,16.0,,,,,,COUNT,1,"[{'q': 2, 'd': 16.0, 'expr': '2-Y16'}]",0.9,PASS,,True,LDR::13C556CB,,,,BarCallout
QI::B96::ANN-ccf65792,B96,ANN-ccf65792,4L-Y8@100C/125100/C,4L-Y8@100C/125100/C,STIRRUP,STIRRUP,4L-Y8@100C/125100/C,,SPACING_BASED,STIRRUP_PATTERN,Y8,8.0,100,100.0,100,4L,4,SPACING_MM,0,[],0.99,PASS,,True,LDR::E00AA6E6,,,,StirrupNote
QI::B96A::ANN-2a029aa5,B96A,ANN-2a029aa5,SIDE.FACE.REINFORCEMENT. DETAILS FOR BEAM,SIDE.FACE.REINFORCEMENT.DETAILSFORBEAM,UNKNOWN,UNKNOWN,SIDE.FACE.REINFORCEMENT. DETAILS FOR BEAM,,UNRESOLVED,UNRESOLVED,,,,,,,,COUNT,0,[],0.45,PASS,,True,,,,,SideFaceReinforcement
QI::B96A::ANN-9114a4de,B96A,ANN-9114a4de,S.F.R.ON EACH FACE,S.F.R.ONEACHFACE,UNKNOWN,UNKNOWN,S.F.R.ON EACH FACE,,UNRESOLVED,UNRESOLVED,,,,,,,,COUNT,0,[],0.45,PASS,,True,LDR::63051B26,OWN::B96A::11F8B87,,,Unknown
QI::B96A::ANN-92cee6f4,B96A,ANN-92cee6f4,Ld+10bd+10db,LD+10BD+10DB,UNKNOWN,UNKNOWN,Ld+10bd+10db,,UNRESOLVED,UNRESOLVED,,,,,,,,COUNT,0,[],0.45,PASS,,True,,,,,DevelopmentLength
QI::B96A::ANN-f735db93,B96A,ANN-f735db93,Ld+10bd+10db,LD+10BD+10DB,UNKNOWN,UNKNOWN,Ld+10bd+10db,,UNRESOLVED,UNRESOLVED,,,,,,,,COUNT,0,[],0.45,PASS,,True,,,,,DevelopmentLength
QI::B97::ANN-36d43665,B97,ANN-36d43665,3-Y20,3-Y20,LONGITUDINAL_BAR,UNKNOWN,3-Y20,3,EXPLICIT,ANNOTATION_TEXT,Y20,20.0,,,,,,COUNT,1,"[{'q': 3, 'd': 20.0, 'expr': '3-Y20'}]",0.9,PASS,,True,LDR::275279C3,,,,BarCallout
QI::B97::ANN-877dbda1,B97,ANN-877dbda1,3-Y25,3-Y25,LONGITUDINAL_BAR,UNKNOWN,3-Y25,3,EXPLICIT,ANNOTATION_TEXT,Y25,25.0,,,,,,COUNT,1,"[{'q': 3, 'd': 25.0, 'expr': '3-Y25'}]",0.9,PASS,,True,,,,,BarCallout
QI::B97::ANN-e814c185,B97,ANN-e814c185,3-Y16,3-Y16,LONGITUDINAL_BAR,UNKNOWN,3-Y16,3,EXPLICIT,ANNOTATION_TEXT,Y16,16.0,,,,,,COUNT,1,"[{'q': 3, 'd': 16.0, 'expr': '3-Y16'}]",0.9,PASS,,True,LDR::98B897E4,,,,BarCallout
QI::B97A::ANN-6f8c4df1,B97A,ANN-6f8c4df1,4L-Y8@100C/C,4L-Y8@100C/C,STIRRUP,STIRRUP,4L-Y8@100C/C,,SPACING_BASED,STIRRUP_PATTERN,Y8,8.0,100,100.0,100,4L,4,SPACING_MM,0,[],0.99,PASS,,True,,,,,StirrupNote
QI::B97A::ANN-d7128f62,B97A,ANN-d7128f62,4-Y25,4-Y25,LONGITUDINAL_BAR,TOP_BAR,4-Y25,4,EXPLICIT,ANNOTATION_TEXT,Y25,25.0,,,,,,COUNT,1,"[{'q': 4, 'd': 25.0, 'expr': '4-Y25'}]",0.99,PASS,,True,LDR::E83C245B,OWN::B97A::1247FFF,1247FFF,OWNGEO::B97A::1247FFF,BarCallout
QI::B97A::ANN-d86396b9,B97A,ANN-d86396b9,4L-Y8@100C/C,4L-Y8@100C/C,STIRRUP,STIRRUP,4L-Y8@100C/C,,SPACING_BASED,STIRRUP_PATTERN,Y8,8.0,100,100.0,100,4L,4,SPACING_MM,0,[],0.99,PASS,,True,LDR::E83C245B,OWN::B97A::1247FFF,,,StirrupNote
QI::B98::ANN-4ae84222,B98,ANN-4ae84222,4-Y25,4-Y25,LONGITUDINAL_BAR,UNKNOWN,4-Y25,4,EXPLICIT,ANNOTATION_TEXT,Y25,25.0,,,,,,COUNT,1,"[{'q': 4, 'd': 25.0, 'expr': '4-Y25'}]",0.9,PASS,,True,LDR::4EF3E792,,,,BarCallout
QI::B98::ANN-d45b39ac,B98,ANN-d45b39ac,4L-Y8@100/150/100C/C,4L-Y8@100/150/100C/C,STIRRUP,STIRRUP,4L-Y8@100/150/100C/C,,SPACING_BASED,STIRRUP_PATTERN,Y8,8.0,100/150/100,,100|150|100,4L,4,SPACING_MM,0,[],0.99,PASS,,True,LDR::4EF3E792,,,,StirrupNote
QI::B98A::ANN-2a9913fa,B98A,ANN-2a9913fa,4-Y25,4-Y25,LONGITUDINAL_BAR,TOP_BAR,4-Y25,4,EXPLICIT,ANNOTATION_TEXT,Y25,25.0,,,,,,COUNT,1,"[{'q': 4, 'd': 25.0, 'expr': '4-Y25'}]",0.99,PASS,,True,LDR::1812F192,OWN::B98A::1247FFE,1247FFE,OWNGEO::B98A::1247FFE,BarCallout
QI::B98A::ANN-de653a14,B98A,ANN-de653a14,4L-Y10@100C/C,4L-Y10@100C/C,STIRRUP,STIRRUP,4L-Y10@100C/C,,SPACING_BASED,STIRRUP_PATTERN,Y10,10.0,100,100.0,100,4L,4,SPACING_MM,0,[],0.99,PASS,,True,,,,,StirrupNote
QI::B99::ANN-03ccfc60,B99,ANN-03ccfc60,3L-Y10@100C/C,3L-Y10@100C/C,STIRRUP,STIRRUP,3L-Y10@100C/C,,SPACING_BASED,STIRRUP_PATTERN,Y10,10.0,100,100.0,100,3L,3,SPACING_MM,0,[],0.99,PASS,,True,,,,,StirrupNote
QI::B99::ANN-1e734cff,B99,ANN-1e734cff,3-Y20,3-Y20,LONGITUDINAL_BAR,UNKNOWN,3-Y20,3,EXPLICIT,ANNOTATION_TEXT,Y20,20.0,,,,,,COUNT,1,"[{'q': 3, 'd': 20.0, 'expr': '3-Y20'}]",0.9,PASS,,True,LDR::C317406A,,,,BarCallout
QI::B99A::ANN-739ba2c3,B99A,ANN-739ba2c3,4L-Y10@100C/C,4L-Y10@100C/C,STIRRUP,STIRRUP,4L-Y10@100C/C,,SPACING_BASED,STIRRUP_PATTERN,Y10,10.0,100,100.0,100,4L,4,SPACING_MM,0,[],0.99,PASS,,True,,,,,StirrupNote
