candidate_id,beam_id,annotation_id,raw_text,outcome,priority,reasons,quantity_status
VC::B100::ANN-29f62939,B100,ANN-29f62939,3L-Y10@100C/C,EXCLUDED,P3,VISION_NOT_REQUIRED,SPACING_BASED
VC::B100::ANN-655eb304,B100,ANN-655eb304,3-Y20,EXCLUDED,P3,VISION_NOT_REQUIRED,EXPLICIT
VC::B100A::ANN-13582c44,B100A,ANN-13582c44,4L-Y10@100/150/100C/C,EXCLUDED,P3,VISION_NOT_REQUIRED,SPACING_BASED
VC::B101::ANN-80ac063f,B101,ANN-80ac063f,3-Y20,EXCLUDED,P3,VISION_NOT_REQUIRED,EXPLICIT
VC::B101::ANN-d8c2de5e,B101,ANN-d8c2de5e,3L-Y10@100C/C,EXCLUDED,P3,VISION_NOT_REQUIRED,SPACING_BASED
VC::B101A::ANN-bfa9b021,B101A,ANN-bfa9b021,4L-Y10@100/150/100C/C,EXCLUDED,P3,VISION_NOT_REQUIRED,SPACING_BASED
VC::B101A::ANN-e67412bd,B101A,ANN-e67412bd,4-Y25,EXCLUDED,P3,VISION_NOT_REQUIRED,EXPLICIT
VC::B102::ANN-030581f0,B102,ANN-030581f0,3L-Y10@100C/C,EXCLUDED,P3,VISION_NOT_REQUIRED,SPACING_BASED
VC::B102::ANN-4b59ff37,B102,ANN-4b59ff37,3-Y20,EXCLUDED,P3,VISION_NOT_REQUIRED,EXPLICIT
VC::B102::ANN-4cd6f72d,B102,ANN-4cd6f72d,3-Y16,EXCLUDED,P3,VISION_NOT_REQUIRED,EXPLICIT
VC::B103::ANN-19a711d6,B103,ANN-19a711d6,3-Y16,EXCLUDED,P3,VISION_NOT_REQUIRED,EXPLICIT
VC::B103::ANN-6d8bbdf4,B103,ANN-6d8bbdf4,3L-Y10@100C/C,EXCLUDED,P3,VISION_NOT_REQUIRED,SPACING_BASED
VC::B103::ANN-8e897f60,B103,ANN-8e897f60,3-Y20,EXCLUDED,P3,VISION_NOT_REQUIRED,EXPLICIT
VC::B119::ANN-1ae5aa17,B119,ANN-1ae5aa17,3-Y16,EXCLUDED,P3,VISION_NOT_REQUIRED,EXPLICIT
VC::B119::ANN-b9d9e30b,B119,ANN-b9d9e30b,3-Y16,EXCLUDED,P3,VISION_NOT_REQUIRED,EXPLICIT
VC::B120::ANN-8883ea68,B120,ANN-8883ea68,3-Y25,EXCLUDED,P3,VISION_NOT_REQUIRED,EXPLICIT
VC::B120::ANN-f4213b73,B120,ANN-f4213b73,3L-Y10@100C/150/100/C,EXCLUDED,P3,VISION_NOT_REQUIRED,SPACING_BASED
VC::B121::ANN-3eb6504d,B121,ANN-3eb6504d,4L-Y12@100C/C,EXCLUDED,P3,VISION_NOT_REQUIRED,SPACING_BASED
VC::B121::ANN-73c67bd2,B121,ANN-73c67bd2,4-Y20,EXCLUDED,P3,VISION_NOT_REQUIRED,EXPLICIT
VC::B121::ANN-8a4731e2,B121,ANN-8a4731e2,4-Y20,EXCLUDED,P3,VISION_NOT_REQUIRED,EXPLICIT
VC::B122::ANN-0b62504e,B122,ANN-0b62504e,4-Y20,EXCLUDED,P3,VISION_NOT_REQUIRED,EXPLICIT
VC::B122::ANN-2c570d23,B122,ANN-2c570d23,4L-Y12@100C/C,EXCLUDED,P3,VISION_NOT_REQUIRED,SPACING_BASED
VC::B123::ANN-3f905849,B123,ANN-3f905849,2-Y25,EXCLUDED,P3,VISION_NOT_REQUIRED,EXPLICIT
VC::B123::ANN-6d809bfc,B123,ANN-6d809bfc,4L-Y10@100/125/100C/C,EXCLUDED,P3,VISION_NOT_REQUIRED,SPACING_BASED
VC::B123::ANN-8ae336be,B123,ANN-8ae336be,6-Y20,EXCLUDED,P3,VISION_NOT_REQUIRED,EXPLICIT
VC::B126::ANN-9f081a15,B126,ANN-9f081a15,4L-Y10@100/150/100C/C,EXCLUDED,P3,VISION_NOT_REQUIRED,SPACING_BASED
VC::B126::ANN-c442e075,B126,ANN-c442e075,5-Y25,EXCLUDED,P3,VISION_NOT_REQUIRED,EXPLICIT
VC::B126::ANN-c5694aa8,B126,ANN-c5694aa8,3-Y20,EXCLUDED,P3,VISION_NOT_REQUIRED,EXPLICIT
VC::B128::ANN-5ffa56ad,B128,ANN-5ffa56ad,5-Y20,EXCLUDED,P3,VISION_NOT_REQUIRED,EXPLICIT
VC::B128::ANN-7ac07312,B128,ANN-7ac07312,5-Y25,EXCLUDED,P3,VISION_NOT_REQUIRED,EXPLICIT
VC::B128::ANN-7d45698a,B128,ANN-7d45698a,5L-Y12@100C/C,EXCLUDED,P3,VISION_NOT_REQUIRED,SPACING_BASED
VC::B128::ANN-d1229b68,B128,ANN-d1229b68,3-Y20,EXCLUDED,P3,VISION_NOT_REQUIRED,EXPLICIT
VC::B129::ANN-2274c8c2,B129,ANN-2274c8c2,2-Y16,EXCLUDED,P3,VISION_NOT_REQUIRED,EXPLICIT
VC::B129::ANN-7aec78cb,B129,ANN-7aec78cb,4L-Y12@\X100C/C,VISION_CANDIDATE,P0,OCR_CORRUPTION|STIRRUP_PATTERN_UNPARSED|UNRESOLVED_QUANTITY,UNRESOLVED
VC::B129::ANN-93d94c14,B129,ANN-93d94c14,4-Y20,EXCLUDED,P3,VISION_NOT_REQUIRED,EXPLICIT
VC::B130::ANN-5c9dfa36,B130,ANN-5c9dfa36,4L-Y10@\X100C/C,DEFERRED,P3,OCR_CORRUPTION|STIRRUP_PATTERN_UNPARSED|UNRESOLVED_QUANTITY|INSUFFICIENT_VISUAL_EVIDENCE,UNRESOLVED
VC::B130::ANN-a6229e18,B130,ANN-a6229e18,4-Y25,EXCLUDED,P3,VISION_NOT_REQUIRED,EXPLICIT
VC::B130::ANN-fb2087ef,B130,ANN-fb2087ef,4-Y25,EXCLUDED,P3,VISION_NOT_REQUIRED,EXPLICIT
VC::B133::ANN-36772bbf,B133,ANN-36772bbf,5-Y20,EXCLUDED,P3,VISION_NOT_REQUIRED,EXPLICIT
VC::B133::ANN-3c28c21d,B133,ANN-3c28c21d,2-Y16,EXCLUDED,P3,VISION_NOT_REQUIRED,EXPLICIT
VC::B133::ANN-539e6c5f,B133,ANN-539e6c5f,4L-Y8@100/125/100C/C,EXCLUDED,P3,VISION_NOT_REQUIRED,SPACING_BASED
VC::B133A::ANN-22103cdc,B133A,ANN-22103cdc,3-Y25,EXCLUDED,P3,VISION_NOT_REQUIRED,EXPLICIT
VC::B133A::ANN-4f8e4022,B133A,ANN-4f8e4022,3L-Y10@100/175/100C/C,EXCLUDED,P3,VISION_NOT_REQUIRED,SPACING_BASED
VC::B133A::ANN-e5f45d29,B133A,ANN-e5f45d29,2-Y16,EXCLUDED,P3,VISION_NOT_REQUIRED,EXPLICIT
VC::B134::ANN-8d177bc6,B134,ANN-8d177bc6,4L-Y8@100/125/100C/C,EXCLUDED,P3,VISION_NOT_REQUIRED,SPACING_BASED
VC::B134::ANN-92cdfb99,B134,ANN-92cdfb99,3-Y20,EXCLUDED,P3,VISION_NOT_REQUIRED,EXPLICIT
VC::B134::ANN-da8ba35e,B134,ANN-da8ba35e,3-Y20,EXCLUDED,P3,VISION_NOT_REQUIRED,EXPLICIT
VC::B134A::ANN-257f6cd3,B134A,ANN-257f6cd3,4-Y20,EXCLUDED,P3,VISION_NOT_REQUIRED,EXPLICIT
VC::B134A::ANN-84f13ade,B134A,ANN-84f13ade,4-Y20,EXCLUDED,P3,VISION_NOT_REQUIRED,EXPLICIT
VC::B134A::ANN-876c56c7,B134A,ANN-876c56c7,4-Y20,EXCLUDED,P3,VISION_NOT_REQUIRED,EXPLICIT
VC::B134A::ANN-8ec13e05,B134A,ANN-8ec13e05,4L-Y10@100/125/100C/C,EXCLUDED,P3,VISION_NOT_REQUIRED,SPACING_BASED
VC::B134A::ANN-fc646ee1,B134A,ANN-fc646ee1,4-Y16,EXCLUDED,P3,VISION_NOT_REQUIRED,EXPLICIT
VC::B135::ANN-4d4a80b4,B135,ANN-4d4a80b4,5-Y20,EXCLUDED,P3,VISION_NOT_REQUIRED,EXPLICIT
VC::B135::ANN-94d2ff7a,B135,ANN-94d2ff7a,3-Y20,EXCLUDED,P3,VISION_NOT_REQUIRED,EXPLICIT
VC::B135A::ANN-1bac51e8,B135A,ANN-1bac51e8,4-Y20,EXCLUDED,P3,VISION_NOT_REQUIRED,EXPLICIT
VC::B135A::ANN-fea851b0,B135A,ANN-fea851b0,4L-Y8@100C/C,EXCLUDED,P3,VISION_NOT_REQUIRED,SPACING_BASED
VC::B136::ANN-499059d4,B136,ANN-499059d4,4L-Y10@100/150/100C/C,EXCLUDED,P3,VISION_NOT_REQUIRED,SPACING_BASED
VC::B136::ANN-7f09036b,B136,ANN-7f09036b,6-Y20,EXCLUDED,P3,VISION_NOT_REQUIRED,EXPLICIT
VC::B136::ANN-d552dc04,B136,ANN-d552dc04,6-Y20,EXCLUDED,P3,VISION_NOT_REQUIRED,EXPLICIT
VC::B139::ANN-211806ab,B139,ANN-211806ab,2L-Y8@\X100C/C,VISION_CANDIDATE,P0,OCR_CORRUPTION|STIRRUP_PATTERN_UNPARSED|UNRESOLVED_QUANTITY,UNRESOLVED
VC::B139::ANN-5aeee7ce,B139,ANN-5aeee7ce,5-Y20,EXCLUDED,P3,VISION_NOT_REQUIRED,EXPLICIT
VC::B139::ANN-88dd3ec4,B139,ANN-88dd3ec4,5-Y16,EXCLUDED,P3,VISION_NOT_REQUIRED,EXPLICIT
VC::B14::ANN-0be09012,B14,ANN-0be09012,4L-Y10@100/175/100C/C,EXCLUDED,P3,VISION_NOT_REQUIRED,SPACING_BASED
VC::B14::ANN-20d5a28b,B14,ANN-20d5a28b,2-Y12,EXCLUDED,P3,VISION_NOT_REQUIRED,EXPLICIT
VC::B14::ANN-5666d987,B14,ANN-5666d987,2-Y16,EXCLUDED,P3,VISION_NOT_REQUIRED,EXPLICIT
VC::B14::ANN-81e0d3bd,B14,ANN-81e0d3bd,4-Y20,EXCLUDED,P3,VISION_NOT_REQUIRED,EXPLICIT
VC::B14::ANN-b3f25b87,B14,ANN-b3f25b87,2-Y16,EXCLUDED,P3,VISION_NOT_REQUIRED,EXPLICIT
VC::B14::ANN-d8745bb5,B14,ANN-d8745bb5,4-Y20,EXCLUDED,P3,VISION_NOT_REQUIRED,EXPLICIT
VC::B140::ANN-8ab19145,B140,ANN-8ab19145,3-Y25,EXCLUDED,P3,VISION_NOT_REQUIRED,EXPLICIT
VC::B140::ANN-a14bf585,B140,ANN-a14bf585,3L-Y10@100C/C,EXCLUDED,P3,VISION_NOT_REQUIRED,SPACING_BASED
VC::B141::ANN-2adb0aed,B141,ANN-2adb0aed,5-Y16,EXCLUDED,P3,VISION_NOT_REQUIRED,EXPLICIT
VC::B141::ANN-2f359490,B141,ANN-2f359490,4L-Y8@\X100C/C,DEFERRED,P3,OCR_CORRUPTION|STIRRUP_PATTERN_UNPARSED|UNRESOLVED_QUANTITY|INSUFFICIENT_VISUAL_EVIDENCE,UNRESOLVED
VC::B142::ANN-9f09fbe4,B142,ANN-9f09fbe4,4-Y16,EXCLUDED,P3,VISION_NOT_REQUIRED,EXPLICIT
VC::B142::ANN-c87aac1e,B142,ANN-c87aac1e,4-Y16,EXCLUDED,P3,VISION_NOT_REQUIRED,EXPLICIT
VC::B142::ANN-d4d1251b,B142,ANN-d4d1251b,2L-Y8@\X100C/C,VISION_CANDIDATE,P0,OCR_CORRUPTION|STIRRUP_PATTERN_UNPARSED|UNRESOLVED_QUANTITY,UNRESOLVED
VC::B143::ANN-260f3267,B143,ANN-260f3267,2L-Y8@100/150/100C/C,EXCLUDED,P3,VISION_NOT_REQUIRED,SPACING_BASED
VC::B143::ANN-b07af122,B143,ANN-b07af122,4-Y20,EXCLUDED,P3,VISION_NOT_REQUIRED,EXPLICIT
VC::B143::ANN-f8e9d15b,B143,ANN-f8e9d15b,3L-Y10@\X100C/C,VISION_CANDIDATE,P0,OCR_CORRUPTION|STIRRUP_PATTERN_UNPARSED|UNRESOLVED_QUANTITY,UNRESOLVED
VC::B143::ANN-fe43656d,B143,ANN-fe43656d,2-Y12,EXCLUDED,P3,VISION_NOT_REQUIRED,EXPLICIT
VC::B144::ANN-48d936a3,B144,ANN-48d936a3,3L-Y12@\X100C/C,VISION_CANDIDATE,P0,OCR_CORRUPTION|STIRRUP_PATTERN_UNPARSED|UNRESOLVED_QUANTITY,UNRESOLVED
VC::B144::ANN-d631ac8a,B144,ANN-d631ac8a,3-Y25,EXCLUDED,P3,VISION_NOT_REQUIRED,EXPLICIT
VC::B145::ANN-21e8dc49,B145,ANN-21e8dc49,4-Y16,EXCLUDED,P3,VISION_NOT_REQUIRED,EXPLICIT
VC::B147::ANN-b03c8351,B147,ANN-b03c8351,4-Y16,EXCLUDED,P3,VISION_NOT_REQUIRED,EXPLICIT
VC::B148::ANN-1bfae9c9,B148,ANN-1bfae9c9,4-Y20,EXCLUDED,P3,VISION_NOT_REQUIRED,EXPLICIT
VC::B148::ANN-ac76c1cf,B148,ANN-ac76c1cf,4-Y20,EXCLUDED,P3,VISION_NOT_REQUIRED,EXPLICIT
VC::B148::ANN-afe2e48b,B148,ANN-afe2e48b,4L-Y12@100C/C,EXCLUDED,P3,VISION_NOT_REQUIRED,SPACING_BASED
VC::B149::ANN-1018b70d,B149,ANN-1018b70d,2L-Y8@100C/C,EXCLUDED,P3,VISION_NOT_REQUIRED,SPACING_BASED
VC::B149::ANN-798293c2,B149,ANN-798293c2,5-Y20,EXCLUDED,P3,VISION_NOT_REQUIRED,EXPLICIT
VC::B149::ANN-e7df8c98,B149,ANN-e7df8c98,5-Y20,EXCLUDED,P3,VISION_NOT_REQUIRED,EXPLICIT
VC::B15::ANN-4e752e62,B15,ANN-4e752e62,4-Y20,EXCLUDED,P3,VISION_NOT_REQUIRED,EXPLICIT
VC::B15::ANN-73b173f0,B15,ANN-73b173f0,2-Y12,EXCLUDED,P3,VISION_NOT_REQUIRED,EXPLICIT
VC::B15::ANN-901151f3,B15,ANN-901151f3,4L-Y8@100/125/100C/C,EXCLUDED,P3,VISION_NOT_REQUIRED,SPACING_BASED
VC::B150::ANN-1357090a,B150,ANN-1357090a,2L-Y8@100C/C,EXCLUDED,P3,VISION_NOT_REQUIRED,SPACING_BASED
VC::B150::ANN-392c487c,B150,ANN-392c487c,4-Y16,EXCLUDED,P3,VISION_NOT_REQUIRED,EXPLICIT
VC::B152::ANN-5c37a9e9,B152,ANN-5c37a9e9,5-Y20,EXCLUDED,P3,VISION_NOT_REQUIRED,EXPLICIT
VC::B152::ANN-684ca8d6,B152,ANN-684ca8d6,5-Y20,EXCLUDED,P3,VISION_NOT_REQUIRED,EXPLICIT
VC::B152::ANN-f6048aea,B152,ANN-f6048aea,5-Y20,EXCLUDED,P3,VISION_NOT_REQUIRED,EXPLICIT
VC::B153::ANN-45bd742e,B153,ANN-45bd742e,2L-Y8@100/200/100C/C,EXCLUDED,P3,VISION_NOT_REQUIRED,SPACING_BASED
VC::B153::ANN-925a1f93,B153,ANN-925a1f93,3-Y16,EXCLUDED,P3,VISION_NOT_REQUIRED,EXPLICIT
VC::B154::ANN-01ac3fb3,B154,ANN-01ac3fb3,3L-Y10@100C/C,EXCLUDED,P3,VISION_NOT_REQUIRED,SPACING_BASED
VC::B154::ANN-3f5261e9,B154,ANN-3f5261e9,3-Y20,EXCLUDED,P3,VISION_NOT_REQUIRED,EXPLICIT
VC::B154::ANN-cc8bc394,B154,ANN-cc8bc394,3-Y20,EXCLUDED,P3,VISION_NOT_REQUIRED,EXPLICIT
VC::B156::ANN-1a870e4c,B156,ANN-1a870e4c,3L-Y10@100/150/100C/C,EXCLUDED,P3,VISION_NOT_REQUIRED,SPACING_BASED
VC::B156::ANN-7f19396f,B156,ANN-7f19396f,3-Y25,EXCLUDED,P3,VISION_NOT_REQUIRED,EXPLICIT
VC::B156::ANN-9e64e01e,B156,ANN-9e64e01e,3-Y25,EXCLUDED,P3,VISION_NOT_REQUIRED,EXPLICIT
VC::B159::ANN-b2d0804e,B159,ANN-b2d0804e,3L-Y12@100C/C,EXCLUDED,P3,VISION_NOT_REQUIRED,SPACING_BASED
VC::B159::ANN-e0a652c7,B159,ANN-e0a652c7,5-Y20,EXCLUDED,P3,VISION_NOT_REQUIRED,EXPLICIT
VC::B16::ANN-1cf3db34,B16,ANN-1cf3db34,2-Y16,EXCLUDED,P3,VISION_NOT_REQUIRED,EXPLICIT
VC::B16::ANN-35356230,B16,ANN-35356230,4-Y20,EXCLUDED,P3,VISION_NOT_REQUIRED,EXPLICIT
VC::B16::ANN-62d4cbc2,B16,ANN-62d4cbc2,2-Y16+2-Y20,EXCLUDED,P3,VISION_NOT_REQUIRED,COMPOSITE
VC::B16::ANN-68ad8e27,B16,ANN-68ad8e27,4L-Y10@100C/C,EXCLUDED,P3,VISION_NOT_REQUIRED,SPACING_BASED
VC::B16::ANN-6a79ec36,B16,ANN-6a79ec36,2-Y12,EXCLUDED,P3,VISION_NOT_REQUIRED,EXPLICIT
VC::B16::ANN-dae3dcf8,B16,ANN-dae3dcf8,4-Y20,EXCLUDED,P3,VISION_NOT_REQUIRED,EXPLICIT
VC::B161::ANN-6d2a9dab,B161,ANN-6d2a9dab,3-Y16,EXCLUDED,P3,VISION_NOT_REQUIRED,EXPLICIT
VC::B161::ANN-9734f438,B161,ANN-9734f438,3-Y20,EXCLUDED,P3,VISION_NOT_REQUIRED,EXPLICIT
VC::B161::ANN-99af2455,B161,ANN-99af2455,3-Y20,EXCLUDED,P3,VISION_NOT_REQUIRED,EXPLICIT
VC::B164::ANN-c013a79b,B164,ANN-c013a79b,4L-Y10@100/175/100C/C,EXCLUDED,P3,VISION_NOT_REQUIRED,SPACING_BASED
VC::B164::ANN-f41aac6c,B164,ANN-f41aac6c,4-Y20,EXCLUDED,P3,VISION_NOT_REQUIRED,EXPLICIT
VC::B165::ANN-1ac5e749,B165,ANN-1ac5e749,4-Y20,EXCLUDED,P3,VISION_NOT_REQUIRED,EXPLICIT
VC::B165::ANN-230682d8,B165,ANN-230682d8,4-Y20,EXCLUDED,P3,VISION_NOT_REQUIRED,EXPLICIT
VC::B165::ANN-76629aa6,B165,ANN-76629aa6,4L-Y12@100C/C,EXCLUDED,P3,VISION_NOT_REQUIRED,SPACING_BASED
VC::B165::ANN-c60b74db,B165,ANN-c60b74db,4-Y20,EXCLUDED,P3,VISION_NOT_REQUIRED,EXPLICIT
VC::B165::ANN-ebf927fb,B165,ANN-ebf927fb,4-Y25,EXCLUDED,P3,VISION_NOT_REQUIRED,EXPLICIT
VC::B166::ANN-13585bdb,B166,ANN-13585bdb,5-Y20,EXCLUDED,P3,VISION_NOT_REQUIRED,EXPLICIT
VC::B166::ANN-721840b0,B166,ANN-721840b0,5-Y20,EXCLUDED,P3,VISION_NOT_REQUIRED,EXPLICIT
VC::B166::ANN-9ebeca00,B166,ANN-9ebeca00,5-Y16,EXCLUDED,P3,VISION_NOT_REQUIRED,EXPLICIT
VC::B166::ANN-bd8e0a12,B166,ANN-bd8e0a12,2-Y16,EXCLUDED,P3,VISION_NOT_REQUIRED,EXPLICIT
VC::B166::ANN-c9505462,B166,ANN-c9505462,5-Y16,EXCLUDED,P3,VISION_NOT_REQUIRED,EXPLICIT
VC::B166::ANN-e5c68504,B166,ANN-e5c68504,3L-Y10@100C/C,EXCLUDED,P3,VISION_NOT_REQUIRED,SPACING_BASED
VC::B168::ANN-04ee806e,B168,ANN-04ee806e,3-Y20,EXCLUDED,P3,VISION_NOT_REQUIRED,EXPLICIT
VC::B168::ANN-0d70a6c1,B168,ANN-0d70a6c1,3-Y20,EXCLUDED,P3,VISION_NOT_REQUIRED,EXPLICIT
VC::B168::ANN-6786f17c,B168,ANN-6786f17c,3L-Y10@\X100/150/100C/C,DEFERRED,P3,OCR_CORRUPTION|STIRRUP_PATTERN_UNPARSED|UNRESOLVED_QUANTITY|INSUFFICIENT_VISUAL_EVIDENCE,UNRESOLVED
VC::B169::ANN-e20fb9e9,B169,ANN-e20fb9e9,3L-Y10@100C/C,EXCLUDED,P3,VISION_NOT_REQUIRED,SPACING_BASED
VC::B169::ANN-ecbb3360,B169,ANN-ecbb3360,3-Y25,EXCLUDED,P3,VISION_NOT_REQUIRED,EXPLICIT
VC::B169::ANN-f452a286,B169,ANN-f452a286,3-Y25,EXCLUDED,P3,VISION_NOT_REQUIRED,EXPLICIT
VC::B17::ANN-05a41462,B17,ANN-05a41462,2L-Y12@\X100C/C,DEFERRED,P3,OCR_CORRUPTION|STIRRUP_PATTERN_UNPARSED|UNRESOLVED_QUANTITY|INSUFFICIENT_VISUAL_EVIDENCE,UNRESOLVED
VC::B17::ANN-a215e97d,B17,ANN-a215e97d,2-Y20,EXCLUDED,P3,VISION_NOT_REQUIRED,EXPLICIT
VC::B17::ANN-b8e0a143,B17,ANN-b8e0a143,2-Y16,EXCLUDED,P3,VISION_NOT_REQUIRED,EXPLICIT
VC::B17::ANN-fcfcb89f,B17,ANN-fcfcb89f,2-Y20,EXCLUDED,P3,VISION_NOT_REQUIRED,EXPLICIT
VC::B170::ANN-05e27048,B170,ANN-05e27048,3-Y16,EXCLUDED,P3,VISION_NOT_REQUIRED,EXPLICIT
VC::B170::ANN-895b6107,B170,ANN-895b6107,3L-Y10@100C/C,EXCLUDED,P3,VISION_NOT_REQUIRED,SPACING_BASED
VC::B170::ANN-d4a7bc97,B170,ANN-d4a7bc97,3-Y16,EXCLUDED,P3,VISION_NOT_REQUIRED,EXPLICIT
VC::B173::ANN-3843b86d,B173,ANN-3843b86d,2L-Y8@100C/C,EXCLUDED,P3,VISION_NOT_REQUIRED,SPACING_BASED
VC::B173::ANN-571456b8,B173,ANN-571456b8,3-Y16,EXCLUDED,P3,VISION_NOT_REQUIRED,EXPLICIT
VC::B174::ANN-17bcde29,B174,ANN-17bcde29,4-Y16,EXCLUDED,P3,VISION_NOT_REQUIRED,EXPLICIT
VC::B174::ANN-6e7baedb,B174,ANN-6e7baedb,4-Y16,EXCLUDED,P3,VISION_NOT_REQUIRED,EXPLICIT
VC::B174::ANN-c9cba092,B174,ANN-c9cba092,2L-Y8@100C/C,EXCLUDED,P3,VISION_NOT_REQUIRED,SPACING_BASED
VC::B175::ANN-25171e3b,B175,ANN-25171e3b,4L-Y12@\X100C/C,VISION_CANDIDATE,P0,OCR_CORRUPTION|STIRRUP_PATTERN_UNPARSED|UNRESOLVED_QUANTITY,UNRESOLVED
VC::B176::ANN-3a8e693e,B176,ANN-3a8e693e,5-Y20,EXCLUDED,P3,VISION_NOT_REQUIRED,EXPLICIT
VC::B176::ANN-4cedba97,B176,ANN-4cedba97,5-Y20,EXCLUDED,P3,VISION_NOT_REQUIRED,EXPLICIT
VC::B176::ANN-a0bf78d4,B176,ANN-a0bf78d4,3L-Y10@100/125/100C/C,EXCLUDED,P3,VISION_NOT_REQUIRED,SPACING_BASED
VC::B178::ANN-00c3c91d,B178,ANN-00c3c91d,5-Y25,EXCLUDED,P3,VISION_NOT_REQUIRED,EXPLICIT
VC::B178::ANN-1fc57bf5,B178,ANN-1fc57bf5,5-Y25,EXCLUDED,P3,VISION_NOT_REQUIRED,EXPLICIT
VC::B178::ANN-41e4a18e,B178,ANN-41e4a18e,2L-Y8@\X100C/C,VISION_CANDIDATE,P0,OCR_CORRUPTION|STIRRUP_PATTERN_UNPARSED|UNRESOLVED_QUANTITY,UNRESOLVED
VC::B18::ANN-3210a992,B18,ANN-3210a992,4-Y16,EXCLUDED,P3,VISION_NOT_REQUIRED,EXPLICIT
VC::B18::ANN-5731b151,B18,ANN-5731b151,4-Y20,EXCLUDED,P3,VISION_NOT_REQUIRED,EXPLICIT
VC::B18::ANN-a7a8941a,B18,ANN-a7a8941a,4L-Y10@100/150/100C/C,EXCLUDED,P3,VISION_NOT_REQUIRED,SPACING_BASED
VC::B180::ANN-67c78cc2,B180,ANN-67c78cc2,3L-Y10@100C/C,EXCLUDED,P3,VISION_NOT_REQUIRED,SPACING_BASED
VC::B180::ANN-7a5a33c9,B180,ANN-7a5a33c9,3-Y25,EXCLUDED,P3,VISION_NOT_REQUIRED,EXPLICIT
VC::B180::ANN-f1bfb9f7,B180,ANN-f1bfb9f7,3-Y20,EXCLUDED,P3,VISION_NOT_REQUIRED,EXPLICIT
VC::B182::ANN-57bf8414,B182,ANN-57bf8414,4L-Y10@100C/C,EXCLUDED,P3,VISION_NOT_REQUIRED,SPACING_BASED
VC::B182::ANN-83701bb5,B182,ANN-83701bb5,4-Y25,EXCLUDED,P3,VISION_NOT_REQUIRED,EXPLICIT
VC::B182::ANN-96b81fb9,B182,ANN-96b81fb9,4-Y25,EXCLUDED,P3,VISION_NOT_REQUIRED,EXPLICIT
VC::B185::ANN-6b98f674,B185,ANN-6b98f674,5-Y20,EXCLUDED,P3,VISION_NOT_REQUIRED,EXPLICIT
VC::B185::ANN-d75f1bd7,B185,ANN-d75f1bd7,5-Y20,EXCLUDED,P3,VISION_NOT_REQUIRED,EXPLICIT
VC::B185::ANN-e9fda83f,B185,ANN-e9fda83f,3L-Y8@100C/C,EXCLUDED,P3,VISION_NOT_REQUIRED,SPACING_BASED
VC::B186::ANN-3c412c8c,B186,ANN-3c412c8c,4-Y25,EXCLUDED,P3,VISION_NOT_REQUIRED,EXPLICIT
VC::B186::ANN-8caa58d6,B186,ANN-8caa58d6,4-Y25,EXCLUDED,P3,VISION_NOT_REQUIRED,EXPLICIT
VC::B186::ANN-b70254d7,B186,ANN-b70254d7,4L-Y12@\X100C/C,DEFERRED,P3,OCR_CORRUPTION|STIRRUP_PATTERN_UNPARSED|UNRESOLVED_QUANTITY|INSUFFICIENT_VISUAL_EVIDENCE,UNRESOLVED
VC::B19::ANN-3f77f5f5,B19,ANN-3f77f5f5,4L-Y10@100/150/100C/C,EXCLUDED,P3,VISION_NOT_REQUIRED,SPACING_BASED
VC::B19::ANN-67b39208,B19,ANN-67b39208,7-Y20,EXCLUDED,P3,VISION_NOT_REQUIRED,EXPLICIT
VC::B19::ANN-9aa81bce,B19,ANN-9aa81bce,6-Y25,EXCLUDED,P3,VISION_NOT_REQUIRED,EXPLICIT
VC::B191::ANN-5300cb06,B191,ANN-5300cb06,4L-Y10@100/175/100C/C,EXCLUDED,P3,VISION_NOT_REQUIRED,SPACING_BASED
VC::B191::ANN-5e259653,B191,ANN-5e259653,5-Y20,EXCLUDED,P3,VISION_NOT_REQUIRED,EXPLICIT
VC::B22::ANN-97a27470,B22,ANN-97a27470,4L-Y10@100/125/100C/C,EXCLUDED,P3,VISION_NOT_REQUIRED,SPACING_BASED
VC::B22::ANN-9811c5f6,B22,ANN-9811c5f6,4-Y20,EXCLUDED,P3,VISION_NOT_REQUIRED,EXPLICIT
VC::B22::ANN-b4498c93,B22,ANN-b4498c93,4-Y20,EXCLUDED,P3,VISION_NOT_REQUIRED,EXPLICIT
VC::B23::ANN-9b61b0cf,B23,ANN-9b61b0cf,4L-Y8@100/125/100C/C,EXCLUDED,P3,VISION_NOT_REQUIRED,SPACING_BASED
VC::B23::ANN-fbb93fb6,B23,ANN-fbb93fb6,4-Y20,EXCLUDED,P3,VISION_NOT_REQUIRED,EXPLICIT
VC::B29::ANN-15af619b,B29,ANN-15af619b,4L-Y12@100C/C,EXCLUDED,P3,VISION_NOT_REQUIRED,SPACING_BASED
VC::B29::ANN-3428aa15,B29,ANN-3428aa15,4-Y20,EXCLUDED,P3,VISION_NOT_REQUIRED,EXPLICIT
VC::B29::ANN-9baacae0,B29,ANN-9baacae0,4L-Y10@100/150/100C/C,EXCLUDED,P3,VISION_NOT_REQUIRED,SPACING_BASED
VC::B29::ANN-d5609c23,B29,ANN-d5609c23,4-Y25,EXCLUDED,P3,VISION_NOT_REQUIRED,EXPLICIT
VC::B29::ANN-d5bc8991,B29,ANN-d5bc8991,4-Y25+2-Y16,EXCLUDED,P3,VISION_NOT_REQUIRED,COMPOSITE
VC::B42::ANN-12f50883,B42,ANN-12f50883,4L-Y8@100/150/100C/C,EXCLUDED,P3,VISION_NOT_REQUIRED,SPACING_BASED
VC::B42::ANN-90856c4f,B42,ANN-90856c4f,4-Y20,EXCLUDED,P3,VISION_NOT_REQUIRED,EXPLICIT
VC::B42A::ANN-6ec5785a,B42A,ANN-6ec5785a,4-Y16,EXCLUDED,P3,VISION_NOT_REQUIRED,EXPLICIT
VC::B42A::ANN-7e4138a4,B42A,ANN-7e4138a4,4L-Y8@1100C/C,EXCLUDED,P3,VISION_NOT_REQUIRED,SPACING_BASED
VC::B42A::ANN-81e5886f,B42A,ANN-81e5886f,4-Y16,EXCLUDED,P3,VISION_NOT_REQUIRED,EXPLICIT
VC::B45::ANN-860f17d8,B45,ANN-860f17d8,3-Y25,EXCLUDED,P3,VISION_NOT_REQUIRED,EXPLICIT
VC::B45::ANN-ad8efd95,B45,ANN-ad8efd95,3-Y25,EXCLUDED,P3,VISION_NOT_REQUIRED,EXPLICIT
VC::B45::ANN-e179cf90,B45,ANN-e179cf90,3L-Y10@100C/C,EXCLUDED,P3,VISION_NOT_REQUIRED,SPACING_BASED
VC::B46::ANN-0be8ed3a,B46,ANN-0be8ed3a,4-Y20,EXCLUDED,P3,VISION_NOT_REQUIRED,EXPLICIT
VC::B46::ANN-a09ab748,B46,ANN-a09ab748,4L-Y10@\X100/150/100C/C,VISION_CANDIDATE,P0,OCR_CORRUPTION|STIRRUP_PATTERN_UNPARSED|UNRESOLVED_QUANTITY,UNRESOLVED
VC::B46::ANN-feb6c17a,B46,ANN-feb6c17a,4-Y20,EXCLUDED,P3,VISION_NOT_REQUIRED,EXPLICIT
VC::B47::ANN-3dffb98f,B47,ANN-3dffb98f,4-Y20,EXCLUDED,P3,VISION_NOT_REQUIRED,EXPLICIT
VC::B47::ANN-f268d884,B47,ANN-f268d884,4L-Y10@\X100/150/100C/C,VISION_CANDIDATE,P0,OCR_CORRUPTION|STIRRUP_PATTERN_UNPARSED|UNRESOLVED_QUANTITY,UNRESOLVED
VC::B48::ANN-0fd355e6,B48,ANN-0fd355e6,3-Y25,EXCLUDED,P3,VISION_NOT_REQUIRED,EXPLICIT
VC::B48::ANN-1baa1882,B48,ANN-1baa1882,3L-Y10@100C/C,EXCLUDED,P3,VISION_NOT_REQUIRED,SPACING_BASED
VC::B48::ANN-ef6d705b,B48,ANN-ef6d705b,3-Y25,EXCLUDED,P3,VISION_NOT_REQUIRED,EXPLICIT
VC::B51::ANN-34a39aec,B51,ANN-34a39aec,2-Y25,EXCLUDED,P3,VISION_NOT_REQUIRED,EXPLICIT
VC::B51::ANN-8700d0bc,B51,ANN-8700d0bc,2L-Y12@100C/C,EXCLUDED,P3,VISION_NOT_REQUIRED,SPACING_BASED
VC::B51::ANN-bde79e66,B51,ANN-bde79e66,2-Y25,EXCLUDED,P3,VISION_NOT_REQUIRED,EXPLICIT
VC::B52::ANN-1097a989,B52,ANN-1097a989,2L-Y12@\X100C/C,DEFERRED,P3,OCR_CORRUPTION|STIRRUP_PATTERN_UNPARSED|UNRESOLVED_QUANTITY|INSUFFICIENT_VISUAL_EVIDENCE,UNRESOLVED
VC::B52::ANN-d5ccf308,B52,ANN-d5ccf308,2-Y25,EXCLUDED,P3,VISION_NOT_REQUIRED,EXPLICIT
VC::B55::ANN-8a1fa182,B55,ANN-8a1fa182,2-Y16,EXCLUDED,P3,VISION_NOT_REQUIRED,EXPLICIT
VC::B55::ANN-ca36a400,B55,ANN-ca36a400,5-Y16,EXCLUDED,P3,VISION_NOT_REQUIRED,EXPLICIT
VC::B56::ANN-16e202e7,B56,ANN-16e202e7,5-Y20,EXCLUDED,P3,VISION_NOT_REQUIRED,EXPLICIT
VC::B56::ANN-591f399d,B56,ANN-591f399d,3L-Y8@100/125/100C/C,EXCLUDED,P3,VISION_NOT_REQUIRED,SPACING_BASED
VC::B57::ANN-1805932d,B57,ANN-1805932d,3L-Y10@100/125/100C/C,EXCLUDED,P3,VISION_NOT_REQUIRED,SPACING_BASED
VC::B57::ANN-970f1e8b,B57,ANN-970f1e8b,5-Y20,EXCLUDED,P3,VISION_NOT_REQUIRED,EXPLICIT
VC::B58::ANN-1e82f1a6,B58,ANN-1e82f1a6,3-Y20,EXCLUDED,P3,VISION_NOT_REQUIRED,EXPLICIT
VC::B58::ANN-a0c82bbe,B58,ANN-a0c82bbe,3L-Y12@\X100C/C,VISION_CANDIDATE,P0,OCR_CORRUPTION|STIRRUP_PATTERN_UNPARSED|UNRESOLVED_QUANTITY,UNRESOLVED
VC::B58::ANN-c7a04160,B58,ANN-c7a04160,Ld,DEFERRED,P3,DEFER_ENGINEERING_RULE|NON_QUANTITY_NOTE,UNRESOLVED
VC::B59::ANN-1b902b6f,B59,ANN-1b902b6f,3-Y20,EXCLUDED,P3,VISION_NOT_REQUIRED,EXPLICIT
VC::B59::ANN-22db906f,B59,ANN-22db906f,3-Y20,EXCLUDED,P3,VISION_NOT_REQUIRED,EXPLICIT
VC::B59::ANN-5c42e85c,B59,ANN-5c42e85c,3L-Y10@\X100C/C,DEFERRED,P3,OCR_CORRUPTION|STIRRUP_PATTERN_UNPARSED|UNRESOLVED_QUANTITY|INSUFFICIENT_VISUAL_EVIDENCE,UNRESOLVED
VC::B59::ANN-7edbd575,B59,ANN-7edbd575,3-Y20,EXCLUDED,P3,VISION_NOT_REQUIRED,EXPLICIT
VC::B60::ANN-7087d925,B60,ANN-7087d925,3-Y20,EXCLUDED,P3,VISION_NOT_REQUIRED,EXPLICIT
VC::B60::ANN-e26a27bf,B60,ANN-e26a27bf,3L-Y8@100C/C,EXCLUDED,P3,VISION_NOT_REQUIRED,SPACING_BASED
VC::B60::ANN-ea1c1a20,B60,ANN-ea1c1a20,3-Y20,EXCLUDED,P3,VISION_NOT_REQUIRED,EXPLICIT
VC::B60::ANN-f1183889,B60,ANN-f1183889,3-Y25,EXCLUDED,P3,VISION_NOT_REQUIRED,EXPLICIT
VC::B60::ANN-ffd7751d,B60,ANN-ffd7751d,3-Y20,EXCLUDED,P3,VISION_NOT_REQUIRED,EXPLICIT
VC::B61::ANN-3fccd798,B61,ANN-3fccd798,3-Y20,EXCLUDED,P3,VISION_NOT_REQUIRED,EXPLICIT
VC::B61::ANN-4eee59cd,B61,ANN-4eee59cd,3L-Y8@100C/C,EXCLUDED,P3,VISION_NOT_REQUIRED,SPACING_BASED
VC::B63::ANN-58aa9073,B63,ANN-58aa9073,3-Y16,EXCLUDED,P3,VISION_NOT_REQUIRED,EXPLICIT
VC::B64::ANN-3d1eff37,B64,ANN-3d1eff37,5-Y20,EXCLUDED,P3,VISION_NOT_REQUIRED,EXPLICIT
VC::B64::ANN-81d60aa8,B64,ANN-81d60aa8,4L-Y8@100C/C,EXCLUDED,P3,VISION_NOT_REQUIRED,SPACING_BASED
VC::B65::ANN-026fe9de,B65,ANN-026fe9de,4L-Y8@100/175/100C/C,EXCLUDED,P3,VISION_NOT_REQUIRED,SPACING_BASED
VC::B65::ANN-4030c60e,B65,ANN-4030c60e,5-Y20,EXCLUDED,P3,VISION_NOT_REQUIRED,EXPLICIT
VC::B66::ANN-6cfb6ebe,B66,ANN-6cfb6ebe,5-Y20,EXCLUDED,P3,VISION_NOT_REQUIRED,EXPLICIT
VC::B66::ANN-830f2ae1,B66,ANN-830f2ae1,4L-Y8@100/125/100C/C,EXCLUDED,P3,VISION_NOT_REQUIRED,SPACING_BASED
VC::B68::ANN-4fdae5ed,B68,ANN-4fdae5ed,4-Y20,EXCLUDED,P3,VISION_NOT_REQUIRED,EXPLICIT
VC::B68::ANN-530cb330,B68,ANN-530cb330,4-Y20,EXCLUDED,P3,VISION_NOT_REQUIRED,EXPLICIT
VC::B68::ANN-a149c849,B68,ANN-a149c849,4L-Y8@100/150/100C/C,EXCLUDED,P3,VISION_NOT_REQUIRED,SPACING_BASED
VC::B68::ANN-d6331e4e,B68,ANN-d6331e4e,4-Y16,EXCLUDED,P3,VISION_NOT_REQUIRED,EXPLICIT
VC::B68A::ANN-38ec2f0f,B68A,ANN-38ec2f0f,4L-Y10@100/150/100C/C,EXCLUDED,P3,VISION_NOT_REQUIRED,SPACING_BASED
VC::B68A::ANN-4bf9c9ce,B68A,ANN-4bf9c9ce,4-Y16,EXCLUDED,P3,VISION_NOT_REQUIRED,EXPLICIT
VC::B68A::ANN-b52ce7fb,B68A,ANN-b52ce7fb,4-Y20,EXCLUDED,P3,VISION_NOT_REQUIRED,EXPLICIT
VC::B69::ANN-4ebfc424,B69,ANN-4ebfc424,2-Y16,EXCLUDED,P3,VISION_NOT_REQUIRED,EXPLICIT
VC::B69::ANN-63aaed34,B69,ANN-63aaed34,4-Y20,EXCLUDED,P3,VISION_NOT_REQUIRED,EXPLICIT
VC::B69::ANN-f232eb4f,B69,ANN-f232eb4f,4L-Y8@100/175/100C/C,EXCLUDED,P3,VISION_NOT_REQUIRED,SPACING_BASED
VC::B70::ANN-2f9f6718,B70,ANN-2f9f6718,4L-Y8@100/150/100C/C,EXCLUDED,P3,VISION_NOT_REQUIRED,SPACING_BASED
VC::B70A::ANN-0faa43d0,B70A,ANN-0faa43d0,4-Y25,EXCLUDED,P3,VISION_NOT_REQUIRED,EXPLICIT
VC::B70A::ANN-4dca497a,B70A,ANN-4dca497a,4-Y25,EXCLUDED,P3,VISION_NOT_REQUIRED,EXPLICIT
VC::B71::ANN-65a3f3f0,B71,ANN-65a3f3f0,4L-Y12@\X100C/C,VISION_CANDIDATE,P0,OCR_CORRUPTION|STIRRUP_PATTERN_UNPARSED|UNRESOLVED_QUANTITY,UNRESOLVED
VC::B71::ANN-d4dcd6ee,B71,ANN-d4dcd6ee,4-Y25,EXCLUDED,P3,VISION_NOT_REQUIRED,EXPLICIT
VC::B71::ANN-e8fa1fe7,B71,ANN-e8fa1fe7,3L-Y10@\X100C/C,VISION_CANDIDATE,P0,OCR_CORRUPTION|STIRRUP_PATTERN_UNPARSED|UNRESOLVED_QUANTITY,UNRESOLVED
VC::B71::ANN-ea851c67,B71,ANN-ea851c67,4-Y25,EXCLUDED,P3,VISION_NOT_REQUIRED,EXPLICIT
VC::B72::ANN-10bcb66c,B72,ANN-10bcb66c,2-Y16,EXCLUDED,P3,VISION_NOT_REQUIRED,EXPLICIT
VC::B72::ANN-198f3fef,B72,ANN-198f3fef,2-Y16,EXCLUDED,P3,VISION_NOT_REQUIRED,EXPLICIT
VC::B72::ANN-91617cb9,B72,ANN-91617cb9,4-Y20,EXCLUDED,P3,VISION_NOT_REQUIRED,EXPLICIT
VC::B73::ANN-19004f11,B73,ANN-19004f11,4L-Y10@100C/C,EXCLUDED,P3,VISION_NOT_REQUIRED,SPACING_BASED
VC::B73::ANN-9011f2b6,B73,ANN-9011f2b6,4-Y25,EXCLUDED,P3,VISION_NOT_REQUIRED,EXPLICIT
VC::B74::ANN-0b0dd105,B74,ANN-0b0dd105,4-Y20,EXCLUDED,P3,VISION_NOT_REQUIRED,EXPLICIT
VC::B74::ANN-5075c1c3,B74,ANN-5075c1c3,2-Y16,EXCLUDED,P3,VISION_NOT_REQUIRED,EXPLICIT
VC::B74::ANN-5a3a4c53,B74,ANN-5a3a4c53,4L-Y10@\X100/125/100C/C,VISION_CANDIDATE,P0,OCR_CORRUPTION|STIRRUP_PATTERN_UNPARSED|UNRESOLVED_QUANTITY,UNRESOLVED
VC::B74::ANN-5c2009fa,B74,ANN-5c2009fa,4-Y20,EXCLUDED,P3,VISION_NOT_REQUIRED,EXPLICIT
VC::B75::ANN-b95d7ab4,B75,ANN-b95d7ab4,4-Y20,EXCLUDED,P3,VISION_NOT_REQUIRED,EXPLICIT
VC::B75::ANN-c5e29764,B75,ANN-c5e29764,4L-Y8@100/175/100C/C,EXCLUDED,P3,VISION_NOT_REQUIRED,SPACING_BASED
VC::B76::ANN-1fb1c50e,B76,ANN-1fb1c50e,2-Y16,EXCLUDED,P3,VISION_NOT_REQUIRED,EXPLICIT
VC::B76::ANN-8c653af8,B76,ANN-8c653af8,4L-Y10@\X100/125/100C/C,DEFERRED,P3,OCR_CORRUPTION|STIRRUP_PATTERN_UNPARSED|UNRESOLVED_QUANTITY|INSUFFICIENT_VISUAL_EVIDENCE,UNRESOLVED
VC::B76::ANN-e985daef,B76,ANN-e985daef,4-Y20,EXCLUDED,P3,VISION_NOT_REQUIRED,EXPLICIT
VC::B77::ANN-15f8f3b0,B77,ANN-15f8f3b0,4L-Y10@100C/C,EXCLUDED,P3,VISION_NOT_REQUIRED,SPACING_BASED
VC::B77::ANN-2576ebcb,B77,ANN-2576ebcb,4-Y25,EXCLUDED,P3,VISION_NOT_REQUIRED,EXPLICIT
VC::B78::ANN-162748fa,B78,ANN-162748fa,4-Y25,EXCLUDED,P3,VISION_NOT_REQUIRED,EXPLICIT
VC::B78::ANN-5086d132,B78,ANN-5086d132,4L-Y10@100/125/100C/C,EXCLUDED,P3,VISION_NOT_REQUIRED,SPACING_BASED
VC::B78::ANN-bf8c8df1,B78,ANN-bf8c8df1,4-Y25,EXCLUDED,P3,VISION_NOT_REQUIRED,EXPLICIT
VC::B79::ANN-3669edb6,B79,ANN-3669edb6,4-Y25,EXCLUDED,P3,VISION_NOT_REQUIRED,EXPLICIT
VC::B79::ANN-63caeb7d,B79,ANN-63caeb7d,4-Y25,EXCLUDED,P3,VISION_NOT_REQUIRED,EXPLICIT
VC::B79::ANN-a5b971c5,B79,ANN-a5b971c5,4L-Y10@100/125/100C/C,EXCLUDED,P3,VISION_NOT_REQUIRED,SPACING_BASED
VC::B79::ANN-fb7663c7,B79,ANN-fb7663c7,4L-Y12@100C/C,EXCLUDED,P3,VISION_NOT_REQUIRED,SPACING_BASED
VC::B80::ANN-54d43767,B80,ANN-54d43767,3-Y16,EXCLUDED,P3,VISION_NOT_REQUIRED,EXPLICIT
VC::B80::ANN-88fbe813,B80,ANN-88fbe813,2L-Y8@\X100C/C,DEFERRED,P3,OCR_CORRUPTION|STIRRUP_PATTERN_UNPARSED|UNRESOLVED_QUANTITY|INSUFFICIENT_VISUAL_EVIDENCE,UNRESOLVED
VC::B81::ANN-bab0ba0e,B81,ANN-bab0ba0e,2L-Y8@\X100C/C,DEFERRED,P3,OCR_CORRUPTION|STIRRUP_PATTERN_UNPARSED|UNRESOLVED_QUANTITY|INSUFFICIENT_VISUAL_EVIDENCE,UNRESOLVED
VC::B81::ANN-ffa274cb,B81,ANN-ffa274cb,3-Y16,EXCLUDED,P3,VISION_NOT_REQUIRED,EXPLICIT
VC::B82::ANN-2aafc59f,B82,ANN-2aafc59f,4-Y25,EXCLUDED,P3,VISION_NOT_REQUIRED,EXPLICIT
VC::B82::ANN-4679b76c,B82,ANN-4679b76c,4L-Y12@\X100C/C,VISION_CANDIDATE,P0,OCR_CORRUPTION|STIRRUP_PATTERN_UNPARSED|UNRESOLVED_QUANTITY,UNRESOLVED
VC::B83::ANN-020a1f2c,B83,ANN-020a1f2c,4L-Y10@100C/C,EXCLUDED,P3,VISION_NOT_REQUIRED,SPACING_BASED
VC::B83::ANN-a141c7a9,B83,ANN-a141c7a9,4-Y25,EXCLUDED,P3,VISION_NOT_REQUIRED,EXPLICIT
VC::B85::ANN-324ae3bb,B85,ANN-324ae3bb,4L-Y10@100C/C,EXCLUDED,P3,VISION_NOT_REQUIRED,SPACING_BASED
VC::B85::ANN-e156ae9f,B85,ANN-e156ae9f,4-Y25,EXCLUDED,P3,VISION_NOT_REQUIRED,EXPLICIT
VC::B86::ANN-32be3eb4,B86,ANN-32be3eb4,4-Y25,EXCLUDED,P3,VISION_NOT_REQUIRED,EXPLICIT
VC::B86::ANN-765d8183,B86,ANN-765d8183,4L-Y12@\X100C/C,DEFERRED,P3,OCR_CORRUPTION|STIRRUP_PATTERN_UNPARSED|UNRESOLVED_QUANTITY|INSUFFICIENT_VISUAL_EVIDENCE,UNRESOLVED
VC::B86::ANN-b8d0da96,B86,ANN-b8d0da96,4-Y25,EXCLUDED,P3,VISION_NOT_REQUIRED,EXPLICIT
VC::B88::ANN-8f4c5fd4,B88,ANN-8f4c5fd4,3-Y20,EXCLUDED,P3,VISION_NOT_REQUIRED,EXPLICIT
VC::B88::ANN-d0e07ba8,B88,ANN-d0e07ba8,2L-Y10@100C/C,EXCLUDED,P3,VISION_NOT_REQUIRED,SPACING_BASED
VC::B88::ANN-e17b9305,B88,ANN-e17b9305,3-Y20,EXCLUDED,P3,VISION_NOT_REQUIRED,EXPLICIT
VC::B89::ANN-09305d02,B89,ANN-09305d02,3-Y20,EXCLUDED,P3,VISION_NOT_REQUIRED,EXPLICIT
VC::B89::ANN-5a9491de,B89,ANN-5a9491de,3-Y20,EXCLUDED,P3,VISION_NOT_REQUIRED,EXPLICIT
VC::B89::ANN-ac26322b,B89,ANN-ac26322b,2L-Y10@100C/C,EXCLUDED,P3,VISION_NOT_REQUIRED,SPACING_BASED
VC::B91::ANN-6cd6c4ac,B91,ANN-6cd6c4ac,3-Y20,EXCLUDED,P3,VISION_NOT_REQUIRED,EXPLICIT
VC::B91::ANN-c7bea6e0,B91,ANN-c7bea6e0,3L-Y10@100C/C,EXCLUDED,P3,VISION_NOT_REQUIRED,SPACING_BASED
VC::B91::ANN-e3545401,B91,ANN-e3545401,3-Y20,EXCLUDED,P3,VISION_NOT_REQUIRED,EXPLICIT
VC::B92::ANN-60535de4,B92,ANN-60535de4,3-Y20,EXCLUDED,P3,VISION_NOT_REQUIRED,EXPLICIT
VC::B92::ANN-a092beab,B92,ANN-a092beab,2L-Y10@100C/C,EXCLUDED,P3,VISION_NOT_REQUIRED,SPACING_BASED
VC::B92::ANN-ff7b7e50,B92,ANN-ff7b7e50,3-Y20,EXCLUDED,P3,VISION_NOT_REQUIRED,EXPLICIT
VC::B93::ANN-185c548b,B93,ANN-185c548b,3-Y20,EXCLUDED,P3,VISION_NOT_REQUIRED,EXPLICIT
VC::B93::ANN-63922707,B93,ANN-63922707,3-Y20,EXCLUDED,P3,VISION_NOT_REQUIRED,EXPLICIT
VC::B93::ANN-6420ec3e,B93,ANN-6420ec3e,3L-Y10@100C/C,EXCLUDED,P3,VISION_NOT_REQUIRED,SPACING_BASED
VC::B94::ANN-7437ef48,B94,ANN-7437ef48,3-Y20,EXCLUDED,P3,VISION_NOT_REQUIRED,EXPLICIT
VC::B94::ANN-ecffa6fb,B94,ANN-ecffa6fb,3L-Y10@100C/C,EXCLUDED,P3,VISION_NOT_REQUIRED,SPACING_BASED
VC::B94::ANN-f7292ac1,B94,ANN-f7292ac1,3-Y20,EXCLUDED,P3,VISION_NOT_REQUIRED,EXPLICIT
VC::B96::ANN-448f2246,B96,ANN-448f2246,4-Y25,EXCLUDED,P3,VISION_NOT_REQUIRED,EXPLICIT
VC::B96::ANN-c0ee6243,B96,ANN-c0ee6243,2-Y16,EXCLUDED,P3,VISION_NOT_REQUIRED,EXPLICIT
VC::B96::ANN-ccf65792,B96,ANN-ccf65792,4L-Y8@100C/125100/C,EXCLUDED,P3,VISION_NOT_REQUIRED,SPACING_BASED
VC::B96A::ANN-2a029aa5,B96A,ANN-2a029aa5,SIDE.FACE.REINFORCEMENT. DETAILS FOR BEAM,DEFERRED,P3,SEMANTIC_CONTEXT_REQUIRED|NON_QUANTITY_NOTE|INSUFFICIENT_VISUAL_EVIDENCE,UNRESOLVED
VC::B96A::ANN-9114a4de,B96A,ANN-9114a4de,S.F.R.ON EACH FACE,DEFERRED,P3,SEMANTIC_CONTEXT_REQUIRED|NON_QUANTITY_NOTE|INSUFFICIENT_VISUAL_EVIDENCE,UNRESOLVED
VC::B96A::ANN-92cee6f4,B96A,ANN-92cee6f4,Ld+10bd+10db,DEFERRED,P3,DEFER_ENGINEERING_RULE|NON_QUANTITY_NOTE,UNRESOLVED
VC::B96A::ANN-f735db93,B96A,ANN-f735db93,Ld+10bd+10db,DEFERRED,P3,DEFER_ENGINEERING_RULE|NON_QUANTITY_NOTE,UNRESOLVED
VC::B97::ANN-36d43665,B97,ANN-36d43665,3-Y20,EXCLUDED,P3,VISION_NOT_REQUIRED,EXPLICIT
VC::B97::ANN-877dbda1,B97,ANN-877dbda1,3-Y25,EXCLUDED,P3,VISION_NOT_REQUIRED,EXPLICIT
VC::B97::ANN-e814c185,B97,ANN-e814c185,3-Y16,EXCLUDED,P3,VISION_NOT_REQUIRED,EXPLICIT
VC::B97A::ANN-6f8c4df1,B97A,ANN-6f8c4df1,4L-Y8@100C/C,EXCLUDED,P3,VISION_NOT_REQUIRED,SPACING_BASED
VC::B97A::ANN-d7128f62,B97A,ANN-d7128f62,4-Y25,EXCLUDED,P3,VISION_NOT_REQUIRED,EXPLICIT
VC::B97A::ANN-d86396b9,B97A,ANN-d86396b9,4L-Y8@100C/C,EXCLUDED,P3,VISION_NOT_REQUIRED,SPACING_BASED
VC::B98::ANN-4ae84222,B98,ANN-4ae84222,4-Y25,EXCLUDED,P3,VISION_NOT_REQUIRED,EXPLICIT
VC::B98::ANN-d45b39ac,B98,ANN-d45b39ac,4L-Y8@100/150/100C/C,EXCLUDED,P3,VISION_NOT_REQUIRED,SPACING_BASED
VC::B98A::ANN-2a9913fa,B98A,ANN-2a9913fa,4-Y25,EXCLUDED,P3,VISION_NOT_REQUIRED,EXPLICIT
VC::B98A::ANN-de653a14,B98A,ANN-de653a14,4L-Y10@100C/C,EXCLUDED,P3,VISION_NOT_REQUIRED,SPACING_BASED
VC::B99::ANN-03ccfc60,B99,ANN-03ccfc60,3L-Y10@100C/C,EXCLUDED,P3,VISION_NOT_REQUIRED,SPACING_BASED
VC::B99::ANN-1e734cff,B99,ANN-1e734cff,3-Y20,EXCLUDED,P3,VISION_NOT_REQUIRED,EXPLICIT
VC::B99A::ANN-739ba2c3,B99A,ANN-739ba2c3,4L-Y10@100C/C,EXCLUDED,P3,VISION_NOT_REQUIRED,SPACING_BASED
